Date,Open,High,Low,Close,Volume,Dividends,Stock Splits,Capital Gains
2021-09-17 00:00:00-04:00,25.211000442504883,25.211000442504883,25.211000442504883,25.211000442504883,100,0.0,0.0,0.0
2021-09-20 00:00:00-04:00,23.996000289916992,23.996000289916992,23.996000289916992,23.996000289916992,100,0.0,0.0,0.0
2021-09-21 00:00:00-04:00,23.92099952697754,23.92099952697754,23.92099952697754,23.92099952697754,0,0.0,0.0,0.0
2021-09-22 00:00:00-04:00,24.3799991607666,24.3799991607666,24.3799991607666,24.3799991607666,0,0.0,0.0,0.0
2021-09-23 00:00:00-04:00,25.288000106811523,25.288000106811523,25.288000106811523,25.288000106811523,0,0.0,0.0,0.0
2021-09-24 00:00:00-04:00,25.46500015258789,25.46500015258789,25.46500015258789,25.46500015258789,100,0.0,0.0,0.0
2021-09-27 00:00:00-04:00,26.134000778198242,26.134000778198242,26.134000778198242,26.134000778198242,0,0.0,0.0,0.0
2021-09-28 00:00:00-04:00,25.65399932861328,25.65399932861328,25.65399932861328,25.65399932861328,0,0.0,0.0,0.0
2021-09-29 00:00:00-04:00,25.649999618530273,25.649999618530273,25.649999618530273,25.649999618530273,0,0.0,0.0,0.0
2021-09-30 00:00:00-04:00,25.034000396728516,25.034000396728516,25.034000396728516,25.034000396728516,0,0.0,0.0,0.0
2021-10-01 00:00:00-04:00,25.575000762939453,25.575000762939453,25.575000762939453,25.575000762939453,0,0.0,0.0,0.0
2021-10-04 00:00:00-04:00,25.448999404907227,25.448999404907227,25.448999404907227,25.448999404907227,100,0.0,0.0,0.0
2021-10-05 00:00:00-04:00,26.110000610351562,26.110000610351562,26.010000228881836,26.010000228881836,100,0.0,0.0,0.0
2021-10-06 00:00:00-04:00,25.909000396728516,25.909000396728516,25.909000396728516,25.909000396728516,0,0.0,0.0,0.0
2021-10-07 00:00:00-04:00,26.461000442504883,26.461000442504883,26.461000442504883,26.461000442504883,0,0.0,0.0,0.0
2021-10-08 00:00:00-04:00,26.893999099731445,26.893999099731445,26.893999099731445,26.893999099731445,0,0.0,0.0,0.0
2021-10-11 00:00:00-04:00,26.523000717163086,26.523000717163086,26.523000717163086,26.523000717163086,0,0.0,0.0,0.0
2021-10-12 00:00:00-04:00,26.445999145507812,26.445999145507812,26.445999145507812,26.445999145507812,0,0.0,0.0,0.0
2021-10-13 00:00:00-04:00,26.381000518798828,26.381000518798828,26.381000518798828,26.381000518798828,0,0.0,0.0,0.0
2021-10-14 00:00:00-04:00,27.12299919128418,27.12299919128418,27.12299919128418,27.12299919128418,100,0.0,0.0,0.0
2021-10-15 00:00:00-04:00,27.65999984741211,27.65999984741211,27.604000091552734,27.604000091552734,100,0.0,0.0,0.0
2021-10-18 00:00:00-04:00,27.422000885009766,27.422000885009766,27.422000885009766,27.422000885009766,0,0.0,0.0,0.0
2021-10-19 00:00:00-04:00,31.871000289916992,31.871000289916992,27.836000442504883,27.836000442504883,300,0.0,0.0,0.0
2021-10-20 00:00:00-04:00,26.450000762939453,28.53499984741211,26.450000762939453,28.53499984741211,200,0.0,0.0,0.0
2021-10-21 00:00:00-04:00,28.52199935913086,28.52199935913086,28.52199935913086,28.52199935913086,100,0.0,0.0,0.0
2021-10-22 00:00:00-04:00,28.809999465942383,28.809999465942383,28.809999465942383,28.809999465942383,0,0.0,0.0,0.0
2021-10-25 00:00:00-04:00,28.816999435424805,28.816999435424805,28.816999435424805,28.816999435424805,100,0.0,0.0,0.0
2021-10-26 00:00:00-04:00,28.802000045776367,28.802000045776367,28.802000045776367,28.802000045776367,0,0.0,0.0,0.0
2021-10-27 00:00:00-04:00,28.010000228881836,28.010000228881836,27.663999557495117,27.663999557495117,100,0.0,0.0,0.0
2021-10-28 00:00:00-04:00,28.42099952697754,28.42099952697754,28.42099952697754,28.42099952697754,100,0.0,0.0,0.0
2021-10-29 00:00:00-04:00,28.19099998474121,28.19099998474121,28.19099998474121,28.19099998474121,100,0.0,0.0,0.0
2021-11-01 00:00:00-04:00,28.68199920654297,28.68199920654297,28.68199920654297,28.68199920654297,100,0.0,0.0,0.0
2021-11-02 00:00:00-04:00,28.700000762939453,28.700000762939453,28.700000762939453,28.700000762939453,100,0.0,0.0,0.0
2021-11-03 00:00:00-04:00,29.270999908447266,29.270999908447266,29.270999908447266,29.270999908447266,0,0.0,0.0,0.0
2021-11-04 00:00:00-04:00,29.34000015258789,29.34000015258789,28.937999725341797,28.937999725341797,100,0.0,0.0,0.0
2021-11-05 00:00:00-04:00,29.281999588012695,29.281999588012695,29.281999588012695,29.281999588012695,0,0.0,0.0,0.0
2021-11-08 00:00:00-05:00,29.63800048828125,29.63800048828125,29.63800048828125,29.63800048828125,100,0.0,0.0,0.0
2021-11-09 00:00:00-05:00,29.43600082397461,29.43600082397461,29.43600082397461,29.43600082397461,0,0.0,0.0,0.0
2021-11-10 00:00:00-05:00,29.236000061035156,29.236000061035156,29.236000061035156,29.236000061035156,0,0.0,0.0,0.0
2021-11-11 00:00:00-05:00,29.72800064086914,29.72800064086914,29.72800064086914,29.72800064086914,100,0.0,0.0,0.0
2021-11-12 00:00:00-05:00,29.927000045776367,29.927000045776367,29.927000045776367,29.927000045776367,0,0.0,0.0,0.0
2021-11-15 00:00:00-05:00,29.926000595092773,29.926000595092773,29.926000595092773,29.926000595092773,100,0.0,0.0,0.0
2021-11-16 00:00:00-05:00,29.843000411987305,29.843000411987305,29.843000411987305,29.843000411987305,100,0.0,0.0,0.0
2021-11-17 00:00:00-05:00,29.55299949645996,29.55299949645996,29.55299949645996,29.55299949645996,0,0.0,0.0,0.0
2021-11-18 00:00:00-05:00,29.218000411987305,29.218000411987305,29.218000411987305,29.218000411987305,100,0.0,0.0,0.0
2021-11-19 00:00:00-05:00,28.597999572753906,28.597999572753906,28.597999572753906,28.597999572753906,0,0.0,0.0,0.0
2021-11-22 00:00:00-05:00,29.569000244140625,29.569000244140625,29.569000244140625,29.569000244140625,100,0.0,0.0,0.0
2021-11-23 00:00:00-05:00,29.988000869750977,29.988000869750977,29.988000869750977,29.988000869750977,0,0.0,0.0,0.0
2021-11-24 00:00:00-05:00,29.95199966430664,29.95199966430664,29.95199966430664,29.95199966430664,0,0.0,0.0,0.0
2021-11-26 00:00:00-05:00,28.437000274658203,28.437000274658203,28.437000274658203,28.437000274658203,0,0.0,0.0,0.0
2021-11-29 00:00:00-05:00,28.68400001525879,28.68400001525879,28.68400001525879,28.68400001525879,0,0.0,0.0,0.0
2021-11-30 00:00:00-05:00,27.11400032043457,27.11400032043457,27.11400032043457,27.11400032043457,0,0.0,0.0,0.0
2021-12-01 00:00:00-05:00,26.965999603271484,26.965999603271484,26.965999603271484,26.965999603271484,0,0.0,0.0,0.0
2021-12-02 00:00:00-05:00,28.089000701904297,28.089000701904297,28.089000701904297,28.089000701904297,0,0.0,0.0,0.0
2021-12-03 00:00:00-05:00,27.871999740600586,27.871999740600586,27.871999740600586,27.871999740600586,100,0.0,0.0,0.0
2021-12-06 00:00:00-05:00,28.579999923706055,28.579999923706055,28.579999923706055,28.579999923706055,0,0.0,0.0,0.0
2021-12-07 00:00:00-05:00,29.41699981689453,29.41699981689453,29.41699981689453,29.41699981689453,100,0.0,0.0,0.0
2021-12-08 00:00:00-05:00,29.30900001525879,29.30900001525879,29.30900001525879,29.30900001525879,100,0.0,0.0,0.0
2021-12-09 00:00:00-05:00,29.170000076293945,29.385000228881836,29.149999618530273,29.385000228881836,10000,0.0,0.0,0.0
2021-12-10 00:00:00-05:00,29.440000534057617,29.489999771118164,28.760000228881836,29.489999771118164,34900,0.0,0.0,0.0
2021-12-13 00:00:00-05:00,28.517000198364258,28.517000198364258,28.517000198364258,28.517000198364258,0,0.0,0.0,0.0
2021-12-14 00:00:00-05:00,28.264999389648438,28.264999389648438,28.264999389648438,28.264999389648438,0,0.0,0.0,0.0
2021-12-15 00:00:00-05:00,28.764999389648438,28.764999389648438,28.764999389648438,28.764999389648438,100,0.0,0.0,0.0
2021-12-16 00:00:00-05:00,28.950000762939453,28.950000762939453,28.819000244140625,28.819000244140625,900,0.0,0.0,0.0
2021-12-17 00:00:00-05:00,28.093000411987305,28.093000411987305,28.093000411987305,28.093000411987305,0,0.0,0.0,0.0
2021-12-20 00:00:00-05:00,27.049999237060547,27.049999237060547,27.049999237060547,27.049999237060547,0,0.0,0.0,0.0
2021-12-21 00:00:00-05:00,28.441999435424805,28.441999435424805,28.441999435424805,28.441999435424805,0,0.0,0.0,0.0
2021-12-22 00:00:00-05:00,28.969999313354492,28.969999313354492,28.969999313354492,28.969999313354492,0,0.0,0.0,0.0
2021-12-23 00:00:00-05:00,29.513999938964844,29.513999938964844,29.513999938964844,29.513999938964844,0,0.0,0.0,0.0
2021-12-27 00:00:00-05:00,30.239999771118164,30.378999710083008,30.239999771118164,30.378999710083008,100,0.0,0.0,0.0
2021-12-28 00:00:00-05:00,30.700000762939453,30.709999084472656,30.20400047302246,30.20400047302246,4500,0.0,0.0,0.0
2021-12-29 00:00:00-05:00,30.489999771118164,30.489999771118164,30.1299991607666,30.290000915527344,39000,0.0,0.0,0.0
2021-12-30 00:00:00-05:00,30.479999542236328,30.479999542236328,29.940000534057617,30.010000228881836,170300,0.0,0.0,0.0
2021-12-31 00:00:00-05:00,30.06999969482422,30.260000228881836,29.8700008392334,30.040000915527344,270500,0.0,0.0,0.0
2022-01-03 00:00:00-05:00,30.43000030517578,30.700000762939453,30.229999542236328,30.6200008392334,274600,0.0,0.0,0.0
2022-01-04 00:00:00-05:00,31.209999084472656,31.68000030517578,31.15999984741211,31.652000427246094,326700,0.0,0.0,0.0
2022-01-05 00:00:00-05:00,31.649999618530273,31.969999313354492,30.530000686645508,30.559999465942383,353300,0.0,0.0,0.0
2022-01-06 00:00:00-05:00,31.09000015258789,31.6299991607666,30.56999969482422,31.360000610351562,214100,0.0,0.0,0.0
2022-01-07 00:00:00-05:00,31.579999923706055,31.90999984741211,31.280000686645508,31.704999923706055,158600,0.0,0.0,0.0
2022-01-10 00:00:00-05:00,31.290000915527344,31.530000686645508,30.469999313354492,31.5,97700,0.0,0.0,0.0
2022-01-11 00:00:00-05:00,31.510000228881836,32.52000045776367,31.31999969482422,32.5,97700,0.0,0.0,0.0
2022-01-12 00:00:00-05:00,32.720001220703125,33.040000915527344,32.2400016784668,32.630001068115234,90600,0.0,0.0,0.0
2022-01-13 00:00:00-05:00,33.130001068115234,33.13999938964844,32.150001525878906,32.220001220703125,89100,0.0,0.0,0.0
2022-01-14 00:00:00-05:00,32.34000015258789,32.880001068115234,32.0,32.87699890136719,37300,0.0,0.0,0.0
2022-01-18 00:00:00-05:00,32.2400016784668,32.720001220703125,31.530000686645508,31.829999923706055,89400,0.0,0.0,0.0
2022-01-19 00:00:00-05:00,32.380001068115234,32.439998626708984,31.049999237060547,31.049999237060547,58200,0.0,0.0,0.0
2022-01-20 00:00:00-05:00,30.969999313354492,32.02000045776367,30.1299991607666,30.131999969482422,88100,0.0,0.0,0.0
2022-01-21 00:00:00-05:00,29.540000915527344,29.899999618530273,28.440000534057617,28.56100082397461,89600,0.0,0.0,0.0
2022-01-24 00:00:00-05:00,26.875,28.94499969482422,26.15999984741211,28.94499969482422,3200,0.0,0.0,0.0
2022-01-25 00:00:00-05:00,28.999000549316406,28.999000549316406,28.999000549316406,28.999000549316406,100,0.0,0.0,0.0
2022-01-26 00:00:00-05:00,30.170000076293945,30.170000076293945,28.878000259399414,28.878000259399414,2800,0.0,0.0,0.0
2022-01-27 00:00:00-05:00,30.280000686645508,30.360000610351562,28.5,29.01099967956543,17900,0.0,0.0,0.0
2022-01-28 00:00:00-05:00,28.809999465942383,29.551000595092773,28.280000686645508,29.551000595092773,29700,0.0,0.0,0.0
2022-01-31 00:00:00-05:00,29.479999542236328,30.459999084472656,29.479999542236328,30.459999084472656,110100,0.0,0.0,0.0
2022-02-01 00:00:00-05:00,30.90999984741211,31.770000457763672,30.889999389648438,31.75,98400,0.0,0.0,0.0
2022-02-02 00:00:00-05:00,31.479999542236328,32.36000061035156,31.290000915527344,32.2599983215332,133400,0.0,0.0,0.0
2022-02-03 00:00:00-05:00,31.790000915527344,32.13999938964844,31.31999969482422,31.40999984741211,143700,0.0,0.0,0.0
2022-02-04 00:00:00-05:00,32.209999084472656,32.689998626708984,31.700000762939453,32.284000396728516,13200,0.0,0.0,0.0
2022-02-07 00:00:00-05:00,32.380001068115234,32.82400131225586,32.290000915527344,32.40299987792969,27700,0.0,0.0,0.0
2022-02-08 00:00:00-05:00,32.529998779296875,32.93000030517578,32.060001373291016,32.926998138427734,127500,0.0,0.0,0.0
2022-02-09 00:00:00-05:00,33.47999954223633,34.02000045776367,33.47999954223633,33.893001556396484,109600,0.0,0.0,0.0
2022-02-10 00:00:00-05:00,34.43000030517578,34.77799987792969,33.29499816894531,33.42900085449219,11100,0.0,0.0,0.0
2022-02-11 00:00:00-05:00,33.03900146484375,33.03900146484375,33.03900146484375,33.03900146484375,100,0.0,0.0,0.0
2022-02-14 00:00:00-05:00,31.920000076293945,32.349998474121094,31.920000076293945,32.244998931884766,2500,0.0,0.0,0.0
2022-02-15 00:00:00-05:00,32.9370002746582,32.9370002746582,32.9370002746582,32.9370002746582,100,0.0,0.0,0.0
2022-02-16 00:00:00-05:00,33.25400161743164,33.25400161743164,33.25400161743164,33.25400161743164,0,0.0,0.0,0.0
2022-02-17 00:00:00-05:00,31.986000061035156,31.986000061035156,31.986000061035156,31.986000061035156,100,0.0,0.0,0.0
2022-02-18 00:00:00-05:00,31.597000122070312,31.597000122070312,31.597000122070312,31.597000122070312,100,0.0,0.0,0.0
2022-02-22 00:00:00-05:00,29.3799991607666,30.46500015258789,29.3799991607666,30.46500015258789,100,0.0,0.0,0.0
2022-02-23 00:00:00-05:00,29.854999542236328,29.854999542236328,29.854999542236328,29.854999542236328,0,0.0,0.0,0.0
2022-02-24 00:00:00-05:00,30.14299964904785,30.14299964904785,30.14299964904785,30.14299964904785,100,0.0,0.0,0.0
2022-02-25 00:00:00-05:00,32.069000244140625,32.069000244140625,32.069000244140625,32.069000244140625,0,0.0,0.0,0.0
2022-02-28 00:00:00-05:00,32.60300064086914,32.60300064086914,32.60300064086914,32.60300064086914,0,0.0,0.0,0.0
2022-03-01 00:00:00-05:00,31.643999099731445,31.643999099731445,31.643999099731445,31.643999099731445,100,0.0,0.0,0.0
2022-03-02 00:00:00-05:00,33.42100143432617,33.42100143432617,33.42100143432617,33.42100143432617,100,0.0,0.0,0.0
2022-03-03 00:00:00-05:00,33.060001373291016,33.060001373291016,32.779998779296875,32.994998931884766,9100,0.0,0.0,0.0
2022-03-04 00:00:00-05:00,32.91899871826172,32.91899871826172,32.91899871826172,32.91899871826172,0,0.0,0.0,0.0
2022-03-07 00:00:00-05:00,30.71299934387207,30.71299934387207,30.71299934387207,30.71299934387207,100,0.0,0.0,0.0
2022-03-08 00:00:00-05:00,30.707000732421875,30.707000732421875,30.707000732421875,30.707000732421875,100,0.0,0.0,0.0
2022-03-09 00:00:00-05:00,31.954999923706055,31.954999923706055,31.954999923706055,31.954999923706055,100,0.0,0.0,0.0
2022-03-10 00:00:00-05:00,32.57600021362305,32.57600021362305,32.57600021362305,32.57600021362305,0,0.0,0.0,0.0
2022-03-11 00:00:00-05:00,31.924999237060547,31.924999237060547,31.924999237060547,31.924999237060547,0,0.0,0.0,0.0
2022-03-14 00:00:00-04:00,31.05299949645996,31.05299949645996,31.05299949645996,31.05299949645996,100,0.0,0.0,0.0
2022-03-15 00:00:00-04:00,31.64299964904785,31.64299964904785,31.64299964904785,31.64299964904785,0,0.0,0.0,0.0
2022-03-16 00:00:00-04:00,32.77299880981445,32.77299880981445,32.77299880981445,32.77299880981445,0,0.0,0.0,0.0
2022-03-17 00:00:00-04:00,34.18899917602539,34.18899917602539,34.18899917602539,34.18899917602539,0,0.0,0.0,0.0
2022-03-18 00:00:00-04:00,34.625999450683594,34.70800018310547,34.625999450683594,34.70800018310547,100,0.0,0.0,0.0
2022-03-21 00:00:00-04:00,35.4900016784668,35.4900016784668,35.4900016784668,35.4900016784668,100,0.0,0.0,0.0
2022-03-22 00:00:00-04:00,36.119998931884766,36.119998931884766,35.970001220703125,35.9900016784668,500,0.0,0.0,0.0
2022-03-23 00:00:00-04:00,36.380001068115234,36.380001068115234,35.57400131225586,35.57400131225586,900,0.0,0.0,0.0
2022-03-24 00:00:00-04:00,36.33000183105469,36.33100128173828,36.33000183105469,36.33100128173828,600,0.0,0.0,0.0
2022-03-25 00:00:00-04:00,36.630001068115234,37.02000045776367,36.630001068115234,37.02000045776367,400,0.0,0.0,0.0
2022-03-28 00:00:00-04:00,37.25,37.25,36.189998626708984,36.90599822998047,13600,0.0,0.0,0.0
2022-03-29 00:00:00-04:00,37.74700164794922,37.74700164794922,37.74700164794922,37.74700164794922,100,0.0,0.0,0.0
2022-03-30 00:00:00-04:00,40.400001525878906,40.400001525878906,36.827999114990234,36.827999114990234,400,0.0,0.0,0.0
2022-03-31 00:00:00-04:00,36.029998779296875,36.029998779296875,35.43000030517578,35.441001892089844,300,0.0,0.0,0.0
2022-04-01 00:00:00-04:00,34.79999923706055,34.79999923706055,34.79999923706055,34.79999923706055,100,0.0,0.0,0.0
2022-04-04 00:00:00-04:00,35.290000915527344,35.31999969482422,34.9900016784668,35.30400085449219,600,0.0,0.0,0.0
2022-04-05 00:00:00-04:00,34.10900115966797,34.10900115966797,34.10900115966797,34.10900115966797,100,0.0,0.0,0.0
2022-04-06 00:00:00-04:00,33.323001861572266,33.323001861572266,33.323001861572266,33.323001861572266,0,0.0,0.0,0.0
2022-04-07 00:00:00-04:00,33.766998291015625,33.766998291015625,33.766998291015625,33.766998291015625,0,0.0,0.0,0.0
2022-04-08 00:00:00-04:00,33.979000091552734,33.979000091552734,33.979000091552734,33.979000091552734,0,0.0,0.0,0.0
2022-04-11 00:00:00-04:00,33.939998626708984,33.939998626708984,33.433998107910156,33.433998107910156,6000,0.0,0.0,0.0
2022-04-12 00:00:00-04:00,33.2400016784668,33.2400016784668,33.2400016784668,33.2400016784668,100,0.0,0.0,0.0
2022-04-13 00:00:00-04:00,34.06800079345703,34.06800079345703,34.06800079345703,34.06800079345703,100,0.0,0.0,0.0
2022-04-14 00:00:00-04:00,33.30099868774414,33.30099868774414,33.30099868774414,33.30099868774414,100,0.0,0.0,0.0
2022-04-18 00:00:00-04:00,33.534000396728516,33.534000396728516,33.534000396728516,33.534000396728516,100,0.0,0.0,0.0
2022-04-19 00:00:00-04:00,34.689998626708984,34.689998626708984,34.689998626708984,34.689998626708984,100,0.0,0.0,0.0
2022-04-20 00:00:00-04:00,35.17900085449219,35.17900085449219,35.17900085449219,35.17900085449219,100,0.0,0.0,0.0
2022-04-21 00:00:00-04:00,33.7760009765625,33.7760009765625,33.7760009765625,33.7760009765625,200,0.0,0.0,0.0
2022-04-22 00:00:00-04:00,31.562999725341797,31.562999725341797,31.562999725341797,31.562999725341797,100,0.0,0.0,0.0
2022-04-25 00:00:00-04:00,31.562999725341797,31.562999725341797,31.562999725341797,31.562999725341797,0,0.0,0.0,0.0
2022-04-26 00:00:00-04:00,30.368000030517578,30.368000030517578,30.368000030517578,30.368000030517578,100,0.0,0.0,0.0
2022-04-27 00:00:00-04:00,30.68000030517578,30.68000030517578,30.195999145507812,30.195999145507812,1000,0.0,0.0,0.0
2022-04-28 00:00:00-04:00,31.488000869750977,31.488000869750977,31.488000869750977,31.488000869750977,300,0.0,0.0,0.0
2022-04-29 00:00:00-04:00,29.274999618530273,29.274999618530273,29.274999618530273,29.274999618530273,100,0.0,0.0,0.0
2022-05-02 00:00:00-04:00,29.857999801635742,29.857999801635742,29.857999801635742,29.857999801635742,100,0.0,0.0,0.0
2022-05-03 00:00:00-04:00,30.40999984741211,30.45800018310547,30.139999389648438,30.45800018310547,600,0.0,0.0,0.0
2022-05-04 00:00:00-04:00,30.510000228881836,32.52399826049805,30.510000228881836,32.52399826049805,100,0.0,0.0,0.0
2022-05-05 00:00:00-04:00,30.073999404907227,30.073999404907227,30.073999404907227,30.073999404907227,0,0.0,0.0,0.0
2022-05-06 00:00:00-04:00,29.586999893188477,29.586999893188477,29.586999893188477,29.586999893188477,0,0.0,0.0,0.0
2022-05-09 00:00:00-04:00,27.739999771118164,27.739999771118164,27.426000595092773,27.426000595092773,200,0.0,0.0,0.0
2022-05-10 00:00:00-04:00,27.304000854492188,27.304000854492188,27.304000854492188,27.304000854492188,100,0.0,0.0,0.0
2022-05-11 00:00:00-04:00,26.160999298095703,26.160999298095703,26.160999298095703,26.160999298095703,0,0.0,0.0,0.0
2022-05-12 00:00:00-04:00,26.0,26.0,26.0,26.0,400,0.0,0.0,0.0
2022-05-13 00:00:00-04:00,27.610000610351562,27.610000610351562,27.610000610351562,27.610000610351562,600,0.0,0.0,0.0
2022-05-16 00:00:00-04:00,27.100000381469727,27.100000381469727,27.027000427246094,27.027000427246094,200,0.0,0.0,0.0
2022-05-17 00:00:00-04:00,28.893999099731445,28.893999099731445,28.893999099731445,28.893999099731445,0,0.0,0.0,0.0
2022-05-18 00:00:00-04:00,26.30500030517578,26.30500030517578,26.30500030517578,26.30500030517578,0,0.0,0.0,0.0
2022-05-19 00:00:00-04:00,26.33099937438965,26.33099937438965,26.33099937438965,26.33099937438965,0,0.0,0.0,0.0
2022-05-20 00:00:00-04:00,26.149999618530273,26.149999618530273,26.149999618530273,26.149999618530273,200,0.0,0.0,0.0
2022-05-23 00:00:00-04:00,27.691999435424805,27.691999435424805,27.691999435424805,27.691999435424805,0,0.0,0.0,0.0
2022-05-24 00:00:00-04:00,27.1200008392334,27.1200008392334,26.929000854492188,26.929000854492188,200,0.0,0.0,0.0
2022-05-25 00:00:00-04:00,27.906999588012695,27.906999588012695,27.906999588012695,27.906999588012695,100,0.0,0.0,0.0
2022-05-26 00:00:00-04:00,29.46299934387207,29.46299934387207,29.46299934387207,29.46299934387207,100,0.0,0.0,0.0
2022-05-27 00:00:00-04:00,30.909000396728516,30.909000396728516,30.909000396728516,30.909000396728516,0,0.0,0.0,0.0
2022-05-31 00:00:00-04:00,30.513999938964844,30.513999938964844,30.513999938964844,30.513999938964844,100,0.0,0.0,0.0
2022-06-01 00:00:00-04:00,29.760000228881836,29.760000228881836,29.760000228881836,29.760000228881836,100,0.0,0.0,0.0
2022-06-02 00:00:00-04:00,30.672000885009766,30.672000885009766,30.672000885009766,30.672000885009766,100,0.0,0.0,0.0
2022-06-03 00:00:00-04:00,29.68600082397461,29.68600082397461,29.68600082397461,29.68600082397461,0,0.0,0.0,0.0
2022-06-06 00:00:00-04:00,30.0,30.0,30.0,30.0,100,0.0,0.0,0.0
2022-06-07 00:00:00-04:00,30.743999481201172,30.743999481201172,30.743999481201172,30.743999481201172,0,0.0,0.0,0.0
2022-06-08 00:00:00-04:00,29.78700065612793,29.78700065612793,29.78700065612793,29.78700065612793,100,0.0,0.0,0.0
2022-06-09 00:00:00-04:00,28.097000122070312,28.097000122070312,28.097000122070312,28.097000122070312,0,0.0,0.0,0.0
2022-06-10 00:00:00-04:00,25.961000442504883,25.961000442504883,25.961000442504883,25.961000442504883,0,0.0,0.0,0.0
2022-06-13 00:00:00-04:00,23.27199935913086,23.27199935913086,23.27199935913086,23.27199935913086,0,0.0,0.0,0.0
2022-06-14 00:00:00-04:00,23.33799934387207,23.33799934387207,23.33799934387207,23.33799934387207,100,0.0,0.0,0.0
2022-06-15 00:00:00-04:00,23.850000381469727,24.12299919128418,23.850000381469727,24.12299919128418,200,0.0,0.0,0.0
2022-06-16 00:00:00-04:00,21.91200065612793,21.91200065612793,21.91200065612793,21.91200065612793,100,0.0,0.0,0.0
2022-06-17 00:00:00-04:00,22.288999557495117,22.288999557495117,22.288999557495117,22.288999557495117,0,0.0,0.0,0.0
2022-06-21 00:00:00-04:00,23.781999588012695,23.781999588012695,23.781999588012695,23.781999588012695,0,0.0,0.0,0.0
2022-06-22 00:00:00-04:00,23.65399932861328,23.65399932861328,23.65399932861328,23.65399932861328,100,0.0,0.0,0.0
2022-06-23 00:00:00-04:00,23.597000122070312,23.597000122070312,23.597000122070312,23.597000122070312,0,0.0,0.0,0.0
2022-06-24 00:00:00-04:00,25.525999069213867,25.525999069213867,25.525999069213867,25.525999069213867,100,0.0,0.0,0.0
2022-06-27 00:00:00-04:00,25.44700050354004,25.44700050354004,25.44700050354004,25.44700050354004,100,0.0,0.0,0.0
2022-06-28 00:00:00-04:00,24.631999969482422,24.631999969482422,24.631999969482422,24.631999969482422,100,0.0,0.0,0.0
2022-06-29 00:00:00-04:00,24.26099967956543,24.26099967956543,24.26099967956543,24.26099967956543,100,0.0,0.0,0.0
2022-06-30 00:00:00-04:00,23.389999389648438,23.389999389648438,23.389999389648438,23.389999389648438,200,0.0,0.0,0.0
2022-07-01 00:00:00-04:00,23.81999969482422,23.81999969482422,23.81599998474121,23.81599998474121,200,0.0,0.0,0.0
2022-07-05 00:00:00-04:00,23.76300048828125,23.76300048828125,23.76300048828125,23.76300048828125,0,0.0,0.0,0.0
2022-07-06 00:00:00-04:00,23.756000518798828,23.756000518798828,23.756000518798828,23.756000518798828,0,0.0,0.0,0.0
2022-07-07 00:00:00-04:00,25.09600067138672,25.09600067138672,25.09600067138672,25.09600067138672,0,0.0,0.0,0.0
2022-07-08 00:00:00-04:00,25.20599937438965,25.20599937438965,25.20599937438965,25.20599937438965,0,0.0,0.0,0.0
2022-07-11 00:00:00-04:00,24.42099952697754,24.42099952697754,24.42099952697754,24.42099952697754,0,0.0,0.0,0.0
2022-07-12 00:00:00-04:00,24.20599937438965,24.20599937438965,24.20599937438965,24.20599937438965,0,0.0,0.0,0.0
2022-07-13 00:00:00-04:00,23.788000106811523,23.788000106811523,23.788000106811523,23.788000106811523,0,0.0,0.0,0.0
2022-07-14 00:00:00-04:00,23.010000228881836,23.12700080871582,23.010000228881836,23.12700080871582,600,0.0,0.0,0.0
2022-07-15 00:00:00-04:00,24.780000686645508,24.820999145507812,24.780000686645508,24.820999145507812,200,0.0,0.0,0.0
2022-07-18 00:00:00-04:00,25.489999771118164,25.489999771118164,24.716999053955078,24.716999053955078,600,0.0,0.0,0.0
2022-07-19 00:00:00-04:00,26.33099937438965,26.33099937438965,26.33099937438965,26.33099937438965,100,0.0,0.0,0.0
2022-07-20 00:00:00-04:00,26.509000778198242,26.509000778198242,26.509000778198242,26.509000778198242,0,0.0,0.0,0.0
2022-07-21 00:00:00-04:00,26.735000610351562,26.882999420166016,26.735000610351562,26.882999420166016,100,0.0,0.0,0.0
2022-07-22 00:00:00-04:00,26.312999725341797,26.312999725341797,26.312999725341797,26.312999725341797,400,0.0,0.0,0.0
2022-07-25 00:00:00-04:00,26.591999053955078,26.591999053955078,26.591999053955078,26.591999053955078,0,0.0,0.0,0.0
2022-07-26 00:00:00-04:00,25.75200080871582,25.75200080871582,25.75200080871582,25.75200080871582,0,0.0,0.0,0.0
2022-07-27 00:00:00-04:00,26.841999053955078,26.841999053955078,26.841999053955078,26.841999053955078,100,0.0,0.0,0.0
2022-07-28 00:00:00-04:00,27.31999969482422,27.31999969482422,27.31999969482422,27.31999969482422,100,0.0,0.0,0.0
2022-07-29 00:00:00-04:00,28.121000289916992,28.121000289916992,28.121000289916992,28.121000289916992,100,0.0,0.0,0.0
2022-08-01 00:00:00-04:00,28.07200050354004,28.07200050354004,28.07200050354004,28.07200050354004,100,0.0,0.0,0.0
2022-08-02 00:00:00-04:00,27.63800048828125,27.63800048828125,27.63800048828125,27.63800048828125,0,0.0,0.0,0.0
2022-08-03 00:00:00-04:00,28.815000534057617,28.815000534057617,28.815000534057617,28.815000534057617,0,0.0,0.0,0.0
2022-08-04 00:00:00-04:00,28.496999740600586,28.496999740600586,28.496999740600586,28.496999740600586,0,0.0,0.0,0.0
2022-08-05 00:00:00-04:00,28.732999801635742,28.732999801635742,28.732999801635742,28.732999801635742,0,0.0,0.0,0.0
2022-08-08 00:00:00-04:00,28.61400032043457,28.61400032043457,28.61400032043457,28.61400032043457,100,0.0,0.0,0.0
2022-08-09 00:00:00-04:00,28.108999252319336,28.108999252319336,28.108999252319336,28.108999252319336,100,0.0,0.0,0.0
2022-08-10 00:00:00-04:00,29.530000686645508,29.530000686645508,29.530000686645508,29.530000686645508,0,0.0,0.0,0.0
2022-08-11 00:00:00-04:00,29.858999252319336,29.858999252319336,29.858999252319336,29.858999252319336,0,0.0,0.0,0.0
2022-08-12 00:00:00-04:00,30.760000228881836,30.760000228881836,30.760000228881836,30.760000228881836,200,0.0,0.0,0.0
2022-08-15 00:00:00-04:00,30.82900047302246,30.82900047302246,30.82900047302246,30.82900047302246,100,0.0,0.0,0.0
2022-08-16 00:00:00-04:00,30.90399932861328,30.90399932861328,30.90399932861328,30.90399932861328,0,0.0,0.0,0.0
2022-08-17 00:00:00-04:00,30.284000396728516,30.284000396728516,30.284000396728516,30.284000396728516,0,0.0,0.0,0.0
2022-08-18 00:00:00-04:00,30.400999069213867,30.400999069213867,30.400999069213867,30.400999069213867,0,0.0,0.0,0.0
2022-08-19 00:00:00-04:00,29.51300048828125,29.51300048828125,29.51300048828125,29.51300048828125,100,0.0,0.0,0.0
2022-08-22 00:00:00-04:00,28.375999450683594,28.375999450683594,28.375999450683594,28.375999450683594,100,0.0,0.0,0.0
2022-08-23 00:00:00-04:00,28.531999588012695,28.531999588012695,28.531999588012695,28.531999588012695,100,0.0,0.0,0.0
2022-08-24 00:00:00-04:00,28.659000396728516,28.659000396728516,28.659000396728516,28.659000396728516,0,0.0,0.0,0.0
2022-08-25 00:00:00-04:00,29.200000762939453,29.586000442504883,29.200000762939453,29.586000442504883,500,0.0,0.0,0.0
2022-08-26 00:00:00-04:00,27.82900047302246,27.82900047302246,27.82900047302246,27.82900047302246,100,0.0,0.0,0.0
2022-08-29 00:00:00-04:00,27.48900032043457,27.48900032043457,27.48900032043457,27.48900032043457,100,0.0,0.0,0.0
2022-08-30 00:00:00-04:00,26.992000579833984,26.992000579833984,26.992000579833984,26.992000579833984,0,0.0,0.0,0.0
2022-08-31 00:00:00-04:00,26.854000091552734,26.854000091552734,26.65399932861328,26.65399932861328,100,0.0,0.0,0.0
2022-09-01 00:00:00-04:00,26.322999954223633,26.322999954223633,26.322999954223633,26.322999954223633,100,0.0,0.0,0.0
2022-09-02 00:00:00-04:00,26.08799934387207,26.08799934387207,26.08799934387207,26.08799934387207,0,0.0,0.0,0.0
2022-09-06 00:00:00-04:00,25.631999969482422,25.631999969482422,25.631999969482422,25.631999969482422,0,0.0,0.0,0.0
2022-09-07 00:00:00-04:00,26.527000427246094,26.527000427246094,26.527000427246094,26.527000427246094,0,0.0,0.0,0.0
2022-09-08 00:00:00-04:00,26.229999542236328,27.350000381469727,26.229999542236328,27.350000381469727,600,0.0,0.0,0.0
2022-09-09 00:00:00-04:00,28.176000595092773,28.176000595092773,28.176000595092773,28.176000595092773,100,0.0,0.0,0.0
2022-09-12 00:00:00-04:00,28.489999771118164,28.489999771118164,28.489999771118164,28.489999771118164,100,0.0,0.0,0.0
2022-09-13 00:00:00-04:00,26.333999633789062,26.333999633789062,26.333999633789062,26.333999633789062,0,0.0,0.0,0.0
2022-09-14 00:00:00-04:00,26.145000457763672,26.145000457763672,26.145000457763672,26.145000457763672,100,0.0,0.0,0.0
2022-09-15 00:00:00-04:00,26.389999389648438,26.389999389648438,26.253999710083008,26.253999710083008,100,0.0,0.0,0.0
2022-09-16 00:00:00-04:00,25.81800079345703,25.81800079345703,25.81800079345703,25.81800079345703,0,0.0,0.0,0.0
2022-09-19 00:00:00-04:00,26.172000885009766,26.172000885009766,26.172000885009766,26.172000885009766,0,0.0,0.0,0.0
2022-09-20 00:00:00-04:00,25.43199920654297,25.43199920654297,25.43199920654297,25.43199920654297,100,0.0,0.0,0.0
2022-09-21 00:00:00-04:00,24.618000030517578,24.618000030517578,24.618000030517578,24.618000030517578,0,0.0,0.0,0.0
2022-09-22 00:00:00-04:00,23.940000534057617,23.940000534057617,23.940000534057617,23.940000534057617,0,0.0,0.0,0.0
2022-09-23 00:00:00-04:00,22.799999237060547,22.808000564575195,22.799999237060547,22.808000564575195,100,0.0,0.0,0.0
2022-09-26 00:00:00-04:00,22.235000610351562,22.235000610351562,22.235000610351562,22.235000610351562,0,0.0,0.0,0.0
2022-09-27 00:00:00-04:00,22.250999450683594,22.250999450683594,22.250999450683594,22.250999450683594,0,0.0,0.0,0.0
2022-09-28 00:00:00-04:00,23.344999313354492,23.344999313354492,23.344999313354492,23.344999313354492,0,0.0,0.0,0.0
2022-09-29 00:00:00-04:00,22.43600082397461,22.43600082397461,22.43600082397461,22.43600082397461,0,0.0,0.0,0.0
2022-09-30 00:00:00-04:00,21.884000778198242,21.884000778198242,21.884000778198242,21.884000778198242,0,0.0,0.0,0.0
2022-10-03 00:00:00-04:00,23.235000610351562,23.235000610351562,23.235000610351562,23.235000610351562,0,0.0,0.0,0.0
2022-10-04 00:00:00-04:00,24.9689998626709,24.9689998626709,24.9689998626709,24.9689998626709,100,0.0,0.0,0.0
2022-10-05 00:00:00-04:00,24.8799991607666,24.8799991607666,24.8439998626709,24.863000869750977,500,0.0,0.0,0.0
2022-10-06 00:00:00-04:00,24.704999923706055,24.704999923706055,24.43899917602539,24.43899917602539,200,0.0,0.0,0.0
2022-10-07 00:00:00-04:00,23.00200080871582,23.00200080871582,23.00200080871582,23.00200080871582,100,0.0,0.0,0.0
2022-10-10 00:00:00-04:00,22.479999542236328,22.479999542236328,22.472999572753906,22.472999572753906,400,0.0,0.0,0.0
2022-10-11 00:00:00-04:00,21.761999130249023,21.761999130249023,21.761999130249023,21.761999130249023,0,0.0,0.0,0.0
2022-10-12 00:00:00-04:00,21.72599983215332,21.72599983215332,21.72599983215332,21.72599983215332,0,0.0,0.0,0.0
2022-10-13 00:00:00-04:00,23.101999282836914,23.101999282836914,23.101999282836914,23.101999282836914,0,0.0,0.0,0.0
2022-10-14 00:00:00-04:00,22.156999588012695,22.156999588012695,22.156999588012695,22.156999588012695,0,0.0,0.0,0.0
2022-10-17 00:00:00-04:00,23.07200050354004,23.07200050354004,23.07200050354004,23.07200050354004,0,0.0,0.0,0.0
2022-10-18 00:00:00-04:00,23.690000534057617,23.690000534057617,23.690000534057617,23.690000534057617,200,0.0,0.0,0.0
2022-10-19 00:00:00-04:00,23.229999542236328,23.229999542236328,23.198999404907227,23.198999404907227,200,0.0,0.0,0.0
2022-10-20 00:00:00-04:00,23.084999084472656,23.084999084472656,23.084999084472656,23.084999084472656,0,0.0,0.0,0.0
2022-10-21 00:00:00-04:00,24.496000289916992,24.496000289916992,24.496000289916992,24.496000289916992,0,0.0,0.0,0.0
2022-10-24 00:00:00-04:00,25.011999130249023,25.011999130249023,25.011999130249023,25.011999130249023,100,0.0,0.0,0.0
2022-10-25 00:00:00-04:00,25.808000564575195,25.808000564575195,25.808000564575195,25.808000564575195,0,0.0,0.0,0.0
2022-10-26 00:00:00-04:00,26.05699920654297,26.05699920654297,26.05699920654297,26.05699920654297,0,0.0,0.0,0.0
2022-10-27 00:00:00-04:00,26.124000549316406,26.124000549316406,26.124000549316406,26.124000549316406,0,0.0,0.0,0.0
2022-10-28 00:00:00-04:00,27.246000289916992,27.246000289916992,27.246000289916992,27.246000289916992,0,0.0,0.0,0.0
2022-10-31 00:00:00-04:00,27.076000213623047,27.076000213623047,27.076000213623047,27.076000213623047,0,0.0,0.0,0.0
2022-11-01 00:00:00-04:00,27.42099952697754,27.42099952697754,27.42099952697754,27.42099952697754,0,0.0,0.0,0.0
2022-11-02 00:00:00-04:00,26.459999084472656,26.459999084472656,26.459999084472656,26.459999084472656,0,0.0,0.0,0.0
2022-11-03 00:00:00-04:00,26.006000518798828,26.006000518798828,26.006000518798828,26.006000518798828,0,0.0,0.0,0.0
2022-11-04 00:00:00-04:00,26.812000274658203,26.812000274658203,26.812000274658203,26.812000274658203,0,0.0,0.0,0.0
2022-11-07 00:00:00-05:00,27.327999114990234,27.327999114990234,27.327999114990234,27.327999114990234,0,0.0,0.0,0.0
2022-11-08 00:00:00-05:00,27.77199935913086,27.77199935913086,27.77199935913086,27.77199935913086,0,0.0,0.0,0.0
2022-11-09 00:00:00-05:00,26.804000854492188,26.804000854492188,26.804000854492188,26.804000854492188,100,0.0,0.0,0.0
2022-11-10 00:00:00-05:00,29.24799919128418,29.24799919128418,29.24799919128418,29.24799919128418,100,0.0,0.0,0.0
2022-11-11 00:00:00-05:00,29.600000381469727,29.67799949645996,29.600000381469727,29.67799949645996,600,0.0,0.0,0.0
2022-11-14 00:00:00-05:00,29.128999710083008,29.128999710083008,29.128999710083008,29.128999710083008,100,0.0,0.0,0.0
2022-11-15 00:00:00-05:00,29.281999588012695,29.281999588012695,29.281999588012695,29.281999588012695,0,0.0,0.0,0.0
2022-11-16 00:00:00-05:00,28.733999252319336,28.733999252319336,28.733999252319336,28.733999252319336,100,0.0,0.0,0.0
2022-11-17 00:00:00-05:00,28.56100082397461,28.56100082397461,28.56100082397461,28.56100082397461,0,0.0,0.0,0.0
2022-11-18 00:00:00-05:00,28.996999740600586,28.996999740600586,28.996999740600586,28.996999740600586,0,0.0,0.0,0.0
2022-11-21 00:00:00-05:00,28.815000534057617,28.815000534057617,28.815000534057617,28.815000534057617,100,0.0,0.0,0.0
2022-11-22 00:00:00-05:00,29.59600067138672,29.59600067138672,29.59600067138672,29.59600067138672,100,0.0,0.0,0.0
2022-11-23 00:00:00-05:00,29.77400016784668,29.77400016784668,29.77400016784668,29.77400016784668,0,0.0,0.0,0.0
2022-11-25 00:00:00-05:00,29.816999435424805,29.816999435424805,29.816999435424805,29.816999435424805,0,0.0,0.0,0.0
2022-11-28 00:00:00-05:00,28.972999572753906,28.972999572753906,28.972999572753906,28.972999572753906,100,0.0,0.0,0.0
2022-11-29 00:00:00-05:00,29.15399932861328,29.15399932861328,29.15399932861328,29.15399932861328,0,0.0,0.0,0.0
2022-11-30 00:00:00-05:00,30.285999298095703,30.285999298095703,30.285999298095703,30.285999298095703,0,0.0,0.0,0.0
2022-12-01 00:00:00-05:00,30.094999313354492,30.094999313354492,30.094999313354492,30.094999313354492,100,0.0,0.0,0.0
2022-12-02 00:00:00-05:00,29.81999969482422,29.81999969482422,29.81999969482422,29.81999969482422,0,0.0,0.0,0.0
2022-12-05 00:00:00-05:00,28.698999404907227,28.698999404907227,28.698999404907227,28.698999404907227,0,0.0,0.0,0.0
2022-12-06 00:00:00-05:00,28.290000915527344,28.290000915527344,28.079999923706055,28.097999572753906,300,0.0,0.0,0.0
2022-12-07 00:00:00-05:00,28.13599967956543,28.13599967956543,28.13599967956543,28.13599967956543,100,0.0,0.0,0.0
2022-12-08 00:00:00-05:00,28.459999084472656,28.459999084472656,28.459999084472656,28.459999084472656,0,0.0,0.0,0.0
2022-12-09 00:00:00-05:00,28.0939998626709,28.0939998626709,28.0939998626709,28.0939998626709,100,0.0,0.0,0.0
2022-12-12 00:00:00-05:00,28.802000045776367,28.802000045776367,28.802000045776367,28.802000045776367,0,0.0,0.0,0.0
2022-12-13 00:00:00-05:00,29.145000457763672,29.145000457763672,29.145000457763672,29.145000457763672,0,0.0,0.0,0.0
2022-12-14 00:00:00-05:00,28.802000045776367,28.802000045776367,28.802000045776367,28.802000045776367,0,0.0,0.0,0.0
2022-12-15 00:00:00-05:00,27.42799949645996,27.42799949645996,27.42799949645996,27.42799949645996,100,0.0,0.0,0.0
2022-12-16 00:00:00-05:00,26.972999572753906,26.972999572753906,26.972999572753906,26.972999572753906,100,0.0,0.0,0.0
2022-12-19 00:00:00-05:00,26.579999923706055,26.579999923706055,26.579999923706055,26.579999923706055,100,0.0,0.0,0.0
2022-12-20 00:00:00-05:00,26.738000869750977,26.738000869750977,26.738000869750977,26.738000869750977,0,0.0,0.0,0.0
2022-12-21 00:00:00-05:00,27.385000228881836,27.385000228881836,27.385000228881836,27.385000228881836,100,0.0,0.0,0.0
2022-12-22 00:00:00-05:00,26.62299919128418,26.62299919128418,26.62299919128418,26.62299919128418,100,0.0,0.0,0.0
2022-12-23 00:00:00-05:00,26.761999130249023,26.761999130249023,26.761999130249023,26.761999130249023,0,0.0,0.0,0.0
2022-12-27 00:00:00-05:00,26.476999282836914,26.476999282836914,26.476999282836914,26.476999282836914,0,0.0,0.0,0.0
2022-12-28 00:00:00-05:00,26.062999725341797,26.062999725341797,26.062999725341797,26.062999725341797,0,0.0,0.0,0.0
2022-12-29 00:00:00-05:00,26.790000915527344,26.790000915527344,26.790000915527344,26.790000915527344,0,0.0,0.0,0.0
2022-12-30 00:00:00-05:00,26.716999053955078,26.716999053955078,26.716999053955078,26.716999053955078,0,0.0,0.0,0.0
2023-01-03 00:00:00-05:00,26.540000915527344,26.540000915527344,26.540000915527344,26.540000915527344,100,0.0,0.0,0.0
2023-01-04 00:00:00-05:00,26.871000289916992,26.871000289916992,26.871000289916992,26.871000289916992,0,0.0,0.0,0.0
2023-01-05 00:00:00-05:00,26.51799964904785,26.51799964904785,26.51799964904785,26.51799964904785,0,0.0,0.0,0.0
2023-01-06 00:00:00-05:00,27.665000915527344,27.665000915527344,27.665000915527344,27.665000915527344,0,0.0,0.0,0.0
2023-01-09 00:00:00-05:00,27.702999114990234,27.702999114990234,27.702999114990234,27.702999114990234,0,0.0,0.0,0.0
2023-01-10 00:00:00-05:00,28.06399917602539,28.06399917602539,28.06399917602539,28.06399917602539,0,0.0,0.0,0.0
2023-01-11 00:00:00-05:00,28.5310001373291,28.5310001373291,28.5310001373291,28.5310001373291,0,0.0,0.0,0.0
2023-01-12 00:00:00-05:00,28.732999801635742,28.732999801635742,28.732999801635742,28.732999801635742,0,0.0,0.0,0.0
2023-01-13 00:00:00-05:00,29.113000869750977,29.113000869750977,29.113000869750977,29.113000869750977,100,0.0,0.0,0.0
2023-01-17 00:00:00-05:00,28.89299964904785,28.89299964904785,28.89299964904785,28.89299964904785,0,0.0,0.0,0.0
2023-01-18 00:00:00-05:00,28.11199951171875,28.11199951171875,28.11199951171875,28.11199951171875,0,0.0,0.0,0.0
2023-01-19 00:00:00-05:00,27.652000427246094,27.652000427246094,27.652000427246094,27.652000427246094,100,0.0,0.0,0.0
2023-01-20 00:00:00-05:00,28.617000579833984,28.617000579833984,28.617000579833984,28.617000579833984,0,0.0,0.0,0.0
2023-01-23 00:00:00-05:00,29.40399932861328,29.40399932861328,29.40399932861328,29.40399932861328,0,0.0,0.0,0.0
2023-01-24 00:00:00-05:00,29.500999450683594,29.500999450683594,29.500999450683594,29.500999450683594,100,0.0,0.0,0.0
2023-01-25 00:00:00-05:00,29.804000854492188,29.804000854492188,29.804000854492188,29.804000854492188,0,0.0,0.0,0.0
2023-01-26 00:00:00-05:00,30.441999435424805,30.441999435424805,30.441999435424805,30.441999435424805,0,0.0,0.0,0.0
2023-01-27 00:00:00-05:00,30.11199951171875,30.11199951171875,30.11199951171875,30.11199951171875,0,0.0,0.0,0.0
2023-01-30 00:00:00-05:00,29.464000701904297,29.464000701904297,29.464000701904297,29.464000701904297,0,0.0,0.0,0.0
2023-01-31 00:00:00-05:00,30.35300064086914,30.35300064086914,30.35300064086914,30.35300064086914,0,0.0,0.0,0.0
2023-02-01 00:00:00-05:00,30.840999603271484,30.840999603271484,30.840999603271484,30.840999603271484,0,0.0,0.0,0.0
2023-02-02 00:00:00-05:00,31.084999084472656,31.084999084472656,31.084999084472656,31.084999084472656,0,0.0,0.0,0.0
2023-02-03 00:00:00-05:00,30.523000717163086,30.523000717163086,30.523000717163086,30.523000717163086,0,0.0,0.0,0.0
2023-02-06 00:00:00-05:00,30.059999465942383,30.059999465942383,30.059999465942383,30.059999465942383,0,0.0,0.0,0.0
2023-02-07 00:00:00-05:00,30.85300064086914,30.85300064086914,30.85300064086914,30.85300064086914,100,0.0,0.0,0.0
2023-02-08 00:00:00-05:00,30.93000030517578,30.93000030517578,30.538000106811523,30.538000106811523,500,0.0,0.0,0.0
2023-02-09 00:00:00-05:00,30.899999618530273,30.899999618530273,30.033000946044922,30.033000946044922,300,0.0,0.0,0.0
2023-02-10 00:00:00-05:00,30.219999313354492,30.219999313354492,30.219999313354492,30.219999313354492,0,0.0,0.0,0.0
2023-02-13 00:00:00-05:00,30.802000045776367,30.802000045776367,30.802000045776367,30.802000045776367,100,0.0,0.0,0.0
2023-02-14 00:00:00-05:00,31.05699920654297,31.05699920654297,31.05699920654297,31.05699920654297,100,0.0,0.0,0.0
2023-02-15 00:00:00-05:00,31.1200008392334,31.1200008392334,31.1200008392334,31.1200008392334,100,0.0,0.0,0.0
2023-02-16 00:00:00-05:00,30.444000244140625,30.444000244140625,30.444000244140625,30.444000244140625,100,0.0,0.0,0.0
2023-02-17 00:00:00-05:00,29.809999465942383,30.295000076293945,29.809999465942383,30.295000076293945,1500,0.0,0.0,0.0
2023-02-21 00:00:00-05:00,28.979000091552734,28.979000091552734,28.979000091552734,28.979000091552734,100,0.0,0.0,0.0
2023-02-22 00:00:00-05:00,28.97100067138672,28.97100067138672,28.97100067138672,28.97100067138672,0,0.0,0.0,0.0
2023-02-23 00:00:00-05:00,29.191999435424805,29.191999435424805,29.191999435424805,29.191999435424805,100,0.0,0.0,0.0
2023-02-24 00:00:00-05:00,28.680999755859375,28.680999755859375,28.680999755859375,28.680999755859375,100,0.0,0.0,0.0
2023-02-27 00:00:00-05:00,28.81599998474121,28.81599998474121,28.81599998474121,28.81599998474121,0,0.0,0.0,0.0
2023-02-28 00:00:00-05:00,28.812999725341797,28.812999725341797,28.812999725341797,28.812999725341797,0,0.0,0.0,0.0
2023-03-01 00:00:00-05:00,28.749000549316406,28.749000549316406,28.749000549316406,28.749000549316406,0,0.0,0.0,0.0
2023-03-02 00:00:00-05:00,28.743999481201172,28.743999481201172,28.743999481201172,28.743999481201172,0,0.0,0.0,0.0
2023-03-03 00:00:00-05:00,29.565000534057617,29.565000534057617,29.565000534057617,29.565000534057617,100,0.0,0.0,0.0
2023-03-06 00:00:00-05:00,29.408000946044922,29.408000946044922,29.408000946044922,29.408000946044922,100,0.0,0.0,0.0
2023-03-07 00:00:00-05:00,28.194000244140625,28.194000244140625,28.194000244140625,28.194000244140625,0,0.0,0.0,0.0
2023-03-08 00:00:00-05:00,28.326000213623047,28.326000213623047,28.326000213623047,28.326000213623047,0,0.0,0.0,0.0
2023-03-09 00:00:00-05:00,26.58099937438965,26.58099937438965,26.58099937438965,26.58099937438965,0,0.0,0.0,0.0
2023-03-10 00:00:00-05:00,25.54599952697754,25.54599952697754,25.54599952697754,25.54599952697754,0,0.0,0.0,0.0
2023-03-13 00:00:00-04:00,24.479000091552734,24.479000091552734,24.479000091552734,24.479000091552734,0,0.0,0.0,0.0
2023-03-14 00:00:00-04:00,25.378999710083008,25.378999710083008,25.378999710083008,25.378999710083008,0,0.0,0.0,0.0
2023-03-15 00:00:00-04:00,24.242000579833984,24.242000579833984,24.242000579833984,24.242000579833984,100,0.0,0.0,0.0
2023-03-16 00:00:00-04:00,25.350000381469727,25.350000381469727,25.350000381469727,25.350000381469727,0,0.0,0.0,0.0
2023-03-17 00:00:00-04:00,24.36199951171875,24.36199951171875,24.36199951171875,24.36199951171875,100,0.0,0.0,0.0
2023-03-20 00:00:00-04:00,24.934999465942383,24.934999465942383,24.934999465942383,24.934999465942383,0,0.0,0.0,0.0
2023-03-21 00:00:00-04:00,25.91699981689453,25.91699981689453,25.91699981689453,25.91699981689453,100,0.0,0.0,0.0
2023-03-22 00:00:00-04:00,25.649999618530273,25.649999618530273,24.833999633789062,24.833999633789062,100,0.0,0.0,0.0
2023-03-23 00:00:00-04:00,24.575000762939453,24.575000762939453,24.575000762939453,24.575000762939453,100,0.0,0.0,0.0
2023-03-24 00:00:00-04:00,24.375,24.375,24.375,24.375,0,0.0,0.0,0.0
2023-03-27 00:00:00-04:00,24.972999572753906,24.972999572753906,24.972999572753906,24.972999572753906,0,0.0,0.0,0.0
2023-03-28 00:00:00-04:00,24.74799919128418,24.74799919128418,24.74799919128418,24.74799919128418,0,0.0,0.0,0.0
2023-03-29 00:00:00-04:00,25.593000411987305,25.593000411987305,25.593000411987305,25.593000411987305,0,0.0,0.0,0.0
2023-03-30 00:00:00-04:00,25.860000610351562,25.860000610351562,25.860000610351562,25.860000610351562,100,0.0,0.0,0.0
2023-03-31 00:00:00-04:00,26.50200080871582,26.50200080871582,26.50200080871582,26.50200080871582,100,0.0,0.0,0.0
2023-04-03 00:00:00-04:00,26.773000717163086,26.773000717163086,26.773000717163086,26.773000717163086,0,0.0,0.0,0.0
2023-04-04 00:00:00-04:00,25.937999725341797,25.937999725341797,25.937999725341797,25.937999725341797,0,0.0,0.0,0.0
2023-04-05 00:00:00-04:00,25.826000213623047,25.826000213623047,25.826000213623047,25.826000213623047,0,0.0,0.0,0.0
2023-04-06 00:00:00-04:00,25.81800079345703,25.81800079345703,25.81800079345703,25.81800079345703,0,0.0,0.0,0.0
2023-04-10 00:00:00-04:00,26.225000381469727,26.225000381469727,26.225000381469727,26.225000381469727,100,0.0,0.0,0.0
2023-04-11 00:00:00-04:00,26.729999542236328,26.729999542236328,26.5,26.634000778198242,6500,0.0,0.0,0.0
2023-04-12 00:00:00-04:00,26.334999084472656,26.334999084472656,26.334999084472656,26.334999084472656,0,0.0,0.0,0.0
2023-04-13 00:00:00-04:00,26.819000244140625,26.819000244140625,26.819000244140625,26.819000244140625,0,0.0,0.0,0.0
2023-04-14 00:00:00-04:00,27.034000396728516,27.034000396728516,27.034000396728516,27.034000396728516,0,0.0,0.0,0.0
2023-04-17 00:00:00-04:00,27.124000549316406,27.124000549316406,27.124000549316406,27.124000549316406,100,0.0,0.0,0.0
2023-04-18 00:00:00-04:00,27.29199981689453,27.29199981689453,27.29199981689453,27.29199981689453,0,0.0,0.0,0.0
2023-04-19 00:00:00-04:00,26.655000686645508,26.82200050354004,26.579999923706055,26.82200050354004,600,0.0,0.0,0.0
2023-04-20 00:00:00-04:00,26.763999938964844,26.763999938964844,26.763999938964844,26.763999938964844,0,0.0,0.0,0.0
2023-04-21 00:00:00-04:00,26.538000106811523,26.538000106811523,26.538000106811523,26.538000106811523,100,0.0,0.0,0.0
2023-04-24 00:00:00-04:00,26.641000747680664,26.641000747680664,26.641000747680664,26.641000747680664,100,0.0,0.0,0.0
2023-04-25 00:00:00-04:00,25.54400062561035,25.54400062561035,25.54400062561035,25.54400062561035,0,0.0,0.0,0.0
2023-04-26 00:00:00-04:00,25.1299991607666,25.1299991607666,25.1299991607666,25.1299991607666,100,0.0,0.0,0.0
2023-04-27 00:00:00-04:00,25.981000900268555,25.981000900268555,25.981000900268555,25.981000900268555,0,0.0,0.0,0.0
2023-04-28 00:00:00-04:00,26.392000198364258,26.392000198364258,26.392000198364258,26.392000198364258,0,0.0,0.0,0.0
2023-05-01 00:00:00-04:00,26.365999221801758,26.365999221801758,26.365999221801758,26.365999221801758,0,0.0,0.0,0.0
2023-05-02 00:00:00-04:00,25.18000030517578,25.381000518798828,25.18000030517578,25.381000518798828,100,0.0,0.0,0.0
2023-05-03 00:00:00-04:00,24.725000381469727,24.725000381469727,24.725000381469727,24.725000381469727,0,0.0,0.0,0.0
2023-05-04 00:00:00-04:00,24.010000228881836,24.020999908447266,24.0,24.020999908447266,3000,0.0,0.0,0.0
2023-05-05 00:00:00-04:00,25.384000778198242,25.384000778198242,25.384000778198242,25.384000778198242,0,0.0,0.0,0.0
2023-05-08 00:00:00-04:00,25.44499969482422,25.44499969482422,25.44499969482422,25.44499969482422,100,0.0,0.0,0.0
2023-05-09 00:00:00-04:00,25.368000030517578,25.368000030517578,25.368000030517578,25.368000030517578,0,0.0,0.0,0.0
2023-05-10 00:00:00-04:00,25.357999801635742,25.357999801635742,25.357999801635742,25.357999801635742,0,0.0,0.0,0.0
2023-05-11 00:00:00-04:00,25.152000427246094,25.152000427246094,25.152000427246094,25.152000427246094,0,0.0,0.0,0.0
2023-05-12 00:00:00-04:00,24.992000579833984,24.992000579833984,24.992000579833984,24.992000579833984,0,0.0,0.0,0.0
2023-05-15 00:00:00-04:00,25.597000122070312,25.597000122070312,25.597000122070312,25.597000122070312,100,0.0,0.0,0.0
2023-05-16 00:00:00-04:00,25.106000900268555,25.106000900268555,25.106000900268555,25.106000900268555,0,0.0,0.0,0.0
2023-05-17 00:00:00-04:00,26.250999450683594,26.250999450683594,26.250999450683594,26.250999450683594,0,0.0,0.0,0.0
2023-05-18 00:00:00-04:00,26.635000228881836,26.635000228881836,26.635000228881836,26.635000228881836,100,0.0,0.0,0.0
2023-05-19 00:00:00-04:00,26.3439998626709,26.3439998626709,26.3439998626709,26.3439998626709,0,0.0,0.0,0.0
2023-05-22 00:00:00-04:00,26.4060001373291,26.4060001373291,26.4060001373291,26.4060001373291,0,0.0,0.0,0.0
2023-05-23 00:00:00-04:00,25.96500015258789,25.96500015258789,25.96500015258789,25.96500015258789,100,0.0,0.0,0.0
2023-05-24 00:00:00-04:00,25.4060001373291,25.4060001373291,25.4060001373291,25.4060001373291,0,0.0,0.0,0.0
2023-05-25 00:00:00-04:00,25.992000579833984,25.992000579833984,25.992000579833984,25.992000579833984,0,0.0,0.0,0.0
2023-05-26 00:00:00-04:00,26.729999542236328,26.729999542236328,26.729999542236328,26.729999542236328,0,0.0,0.0,0.0
2023-05-30 00:00:00-04:00,26.704999923706055,26.704999923706055,26.704999923706055,26.704999923706055,0,0.0,0.0,0.0
2023-05-31 00:00:00-04:00,26.023000717163086,26.023000717163086,26.023000717163086,26.023000717163086,0,0.0,0.0,0.0
2023-06-01 00:00:00-04:00,26.514999389648438,26.514999389648438,26.514999389648438,26.514999389648438,0,0.0,0.0,0.0
2023-06-02 00:00:00-04:00,27.738000869750977,27.738000869750977,27.738000869750977,27.738000869750977,0,0.0,0.0,0.0
2023-06-05 00:00:00-04:00,27.719999313354492,27.719999313354492,27.719999313354492,27.719999313354492,100,0.0,0.0,0.0
2023-06-06 00:00:00-04:00,28.097999572753906,28.097999572753906,28.097999572753906,28.097999572753906,0,0.0,0.0,0.0
2023-06-07 00:00:00-04:00,28.281999588012695,28.281999588012695,28.281999588012695,28.281999588012695,100,0.0,0.0,0.0
2023-06-08 00:00:00-04:00,28.493000030517578,28.493000030517578,28.493000030517578,28.493000030517578,0,0.0,0.0,0.0
2023-06-09 00:00:00-04:00,28.424999237060547,28.424999237060547,28.424999237060547,28.424999237060547,0,0.0,0.0,0.0
2023-06-12 00:00:00-04:00,28.84600067138672,28.84600067138672,28.84600067138672,28.84600067138672,0,0.0,0.0,0.0
2023-06-13 00:00:00-04:00,29.246999740600586,29.246999740600586,29.246999740600586,29.246999740600586,100,0.0,0.0,0.0
2023-06-14 00:00:00-04:00,28.732999801635742,28.732999801635742,28.732999801635742,28.732999801635742,0,0.0,0.0,0.0
2023-06-15 00:00:00-04:00,29.40999984741211,29.40999984741211,29.40999984741211,29.40999984741211,0,0.0,0.0,0.0
2023-06-16 00:00:00-04:00,29.090999603271484,29.090999603271484,29.090999603271484,29.090999603271484,0,0.0,0.0,0.0
2023-06-20 00:00:00-04:00,28.531999588012695,28.531999588012695,28.531999588012695,28.531999588012695,0,0.0,0.0,0.0
2023-06-21 00:00:00-04:00,28.402000427246094,28.402000427246094,28.402000427246094,28.402000427246094,100,0.0,0.0,0.0
2023-06-22 00:00:00-04:00,28.542999267578125,28.542999267578125,28.542999267578125,28.542999267578125,0,0.0,0.0,0.0
2023-06-23 00:00:00-04:00,28.135000228881836,28.135000228881836,28.135000228881836,28.135000228881836,0,0.0,0.0,0.0
2023-06-26 00:00:00-04:00,28.28700065612793,28.28700065612793,28.28700065612793,28.28700065612793,0,0.0,0.0,0.0
2023-06-27 00:00:00-04:00,29.023000717163086,29.023000717163086,29.023000717163086,29.023000717163086,0,0.0,0.0,0.0
2023-06-28 00:00:00-04:00,29.066999435424805,29.066999435424805,29.066999435424805,29.066999435424805,0,0.0,0.0,0.0
2023-06-29 00:00:00-04:00,29.350000381469727,29.350000381469727,29.350000381469727,29.350000381469727,0,0.0,0.0,0.0
2023-06-30 00:00:00-04:00,29.92099952697754,29.92099952697754,29.92099952697754,29.92099952697754,100,0.0,0.0,0.0
2023-07-03 00:00:00-04:00,29.9060001373291,29.9060001373291,29.9060001373291,29.9060001373291,0,0.0,0.0,0.0
2023-07-05 00:00:00-04:00,29.604000091552734,29.604000091552734,29.604000091552734,29.604000091552734,0,0.0,0.0,0.0
2023-07-06 00:00:00-04:00,28.739999771118164,28.739999771118164,28.610000610351562,28.610000610351562,200,0.0,0.0,0.0
2023-07-07 00:00:00-04:00,28.969999313354492,28.969999313354492,28.68400001525879,28.68400001525879,800,0.0,0.0,0.0
2023-07-10 00:00:00-04:00,29.27899932861328,29.27899932861328,29.27899932861328,29.27899932861328,0,0.0,0.0,0.0
2023-07-11 00:00:00-04:00,29.929000854492188,29.929000854492188,29.929000854492188,29.929000854492188,100,0.0,0.0,0.0
2023-07-12 00:00:00-04:00,29.902999877929688,29.902999877929688,29.902999877929688,29.902999877929688,0,0.0,0.0,0.0
2023-07-13 00:00:00-04:00,30.34000015258789,30.34000015258789,30.34000015258789,30.34000015258789,0,0.0,0.0,0.0
2023-07-14 00:00:00-04:00,30.020000457763672,30.048999786376953,30.020000457763672,30.048999786376953,1000,0.0,0.0,0.0
2023-07-17 00:00:00-04:00,30.84000015258789,30.84000015258789,30.80900001525879,30.80900001525879,400,0.0,0.0,0.0
2023-07-18 00:00:00-04:00,31.22599983215332,31.22599983215332,31.22599983215332,31.22599983215332,0,0.0,0.0,0.0
2023-07-19 00:00:00-04:00,31.266000747680664,31.266000747680664,31.266000747680664,31.266000747680664,100,0.0,0.0,0.0
2023-07-20 00:00:00-04:00,30.8799991607666,30.8799991607666,30.8799991607666,30.8799991607666,100,0.0,0.0,0.0
2023-07-21 00:00:00-04:00,31.14699935913086,31.14699935913086,31.14699935913086,31.14699935913086,0,0.0,0.0,0.0
2023-07-24 00:00:00-04:00,31.187999725341797,31.187999725341797,31.187999725341797,31.187999725341797,100,0.0,0.0,0.0
2023-07-25 00:00:00-04:00,31.496999740600586,31.496999740600586,31.496999740600586,31.496999740600586,100,0.0,0.0,0.0
2023-07-26 00:00:00-04:00,31.231000900268555,31.231000900268555,31.231000900268555,31.231000900268555,0,0.0,0.0,0.0
2023-07-27 00:00:00-04:00,31.2450008392334,31.2450008392334,31.2450008392334,31.2450008392334,0,0.0,0.0,0.0
2023-07-28 00:00:00-04:00,31.549999237060547,31.652000427246094,31.540000915527344,31.652000427246094,1100,0.0,0.0,0.0
2023-07-31 00:00:00-04:00,31.988000869750977,31.988000869750977,31.988000869750977,31.988000869750977,300,0.0,0.0,0.0
2023-08-01 00:00:00-04:00,32.11600112915039,32.11600112915039,32.11600112915039,32.11600112915039,0,0.0,0.0,0.0
2023-08-02 00:00:00-04:00,31.229999542236328,31.229999542236328,31.030000686645508,31.030000686645508,200,0.0,0.0,0.0
2023-08-03 00:00:00-04:00,31.357999801635742,31.357999801635742,31.357999801635742,31.357999801635742,0,0.0,0.0,0.0
2023-08-04 00:00:00-04:00,30.898000717163086,30.898000717163086,30.898000717163086,30.898000717163086,0,0.0,0.0,0.0
2023-08-07 00:00:00-04:00,31.663999557495117,31.663999557495117,31.663999557495117,31.663999557495117,0,0.0,0.0,0.0
2023-08-08 00:00:00-04:00,31.322999954223633,31.322999954223633,31.322999954223633,31.322999954223633,0,0.0,0.0,0.0
2023-08-09 00:00:00-04:00,31.062000274658203,31.062000274658203,31.062000274658203,31.062000274658203,0,0.0,0.0,0.0
2023-08-10 00:00:00-04:00,31.19099998474121,31.19099998474121,31.19099998474121,31.19099998474121,0,0.0,0.0,0.0
2023-08-11 00:00:00-04:00,31.19099998474121,31.19099998474121,31.19099998474121,31.19099998474121,0,0.0,0.0,0.0
2023-08-14 00:00:00-04:00,31.19099998474121,31.19099998474121,31.19099998474121,31.19099998474121,0,0.0,0.0,0.0
2023-08-15 00:00:00-04:00,30.582000732421875,30.582000732421875,30.582000732421875,30.582000732421875,0,0.0,0.0,0.0
2023-08-16 00:00:00-04:00,29.96299934387207,29.96299934387207,29.96299934387207,29.96299934387207,0,0.0,0.0,0.0
2023-08-17 00:00:00-04:00,29.50200080871582,29.50200080871582,29.50200080871582,29.50200080871582,0,0.0,0.0,0.0
2023-08-18 00:00:00-04:00,29.62299919128418,29.62299919128418,29.62299919128418,29.62299919128418,0,0.0,0.0,0.0
2023-08-21 00:00:00-04:00,30.23200035095215,30.23200035095215,30.23200035095215,30.23200035095215,0,0.0,0.0,0.0
2023-08-22 00:00:00-04:00,29.930999755859375,29.930999755859375,29.930999755859375,29.930999755859375,0,0.0,0.0,0.0
2023-08-23 00:00:00-04:00,30.0049991607666,30.0049991607666,30.0049991607666,30.0049991607666,0,0.0,0.0,0.0
2023-08-24 00:00:00-04:00,29.195999145507812,29.195999145507812,29.195999145507812,29.195999145507812,0,0.0,0.0,0.0
2023-08-25 00:00:00-04:00,29.547000885009766,29.547000885009766,29.547000885009766,29.547000885009766,0,0.0,0.0,0.0
2023-08-28 00:00:00-04:00,29.895999908447266,29.895999908447266,29.895999908447266,29.895999908447266,0,0.0,0.0,0.0
2023-08-29 00:00:00-04:00,30.700000762939453,30.700000762939453,30.700000762939453,30.700000762939453,0,0.0,0.0,0.0
2023-08-30 00:00:00-04:00,30.979999542236328,31.014999389648438,30.979999542236328,31.014999389648438,700,0.0,0.0,0.0
2023-08-31 00:00:00-04:00,30.93899917602539,30.93899917602539,30.93899917602539,30.93899917602539,0,0.0,0.0,0.0
2023-09-01 00:00:00-04:00,31.607999801635742,31.607999801635742,31.607999801635742,31.607999801635742,0,0.0,0.0,0.0
2023-09-05 00:00:00-04:00,31.437999725341797,31.437999725341797,31.437999725341797,31.437999725341797,0,0.0,0.0,0.0
2023-09-06 00:00:00-04:00,31.375,31.375,31.375,31.375,100,0.0,0.0,0.0
2023-09-07 00:00:00-04:00,31.266000747680664,31.266000747680664,31.266000747680664,31.266000747680664,0,0.0,0.0,0.0
2023-09-08 00:00:00-04:00,31.465999603271484,31.465999603271484,31.465999603271484,31.465999603271484,0,0.0,0.0,0.0
2023-09-11 00:00:00-04:00,31.55500030517578,31.55500030517578,31.55500030517578,31.55500030517578,100,0.0,0.0,0.0
2023-09-12 00:00:00-04:00,31.41699981689453,31.41699981689453,31.41699981689453,31.41699981689453,0,0.0,0.0,0.0
2023-09-13 00:00:00-04:00,31.222999572753906,31.222999572753906,31.222999572753906,31.222999572753906,0,0.0,0.0,0.0
2023-09-14 00:00:00-04:00,31.674999237060547,31.674999237060547,31.674999237060547,31.674999237060547,0,0.0,0.0,0.0
2023-09-15 00:00:00-04:00,30.70199966430664,30.70199966430664,30.70199966430664,30.70199966430664,100,0.0,0.0,0.0
2023-09-18 00:00:00-04:00,30.732999801635742,30.732999801635742,30.732999801635742,30.732999801635742,0,0.0,0.0,0.0
2023-09-19 00:00:00-04:00,30.555999755859375,30.555999755859375,30.555999755859375,30.555999755859375,0,0.0,0.0,0.0
2023-09-20 00:00:00-04:00,30.323999404907227,30.323999404907227,30.323999404907227,30.323999404907227,0,0.0,0.0,0.0
2023-09-21 00:00:00-04:00,29.47100067138672,29.47100067138672,29.47100067138672,29.47100067138672,0,0.0,0.0,0.0
2023-09-22 00:00:00-04:00,29.48699951171875,29.48699951171875,29.48699951171875,29.48699951171875,0,0.0,0.0,0.0
2023-09-25 00:00:00-04:00,29.781999588012695,29.781999588012695,29.781999588012695,29.781999588012695,0,0.0,0.0,0.0
2023-09-26 00:00:00-04:00,29.03499984741211,29.03499984741211,29.03499984741211,29.03499984741211,0,0.0,0.0,0.0
2023-09-27 00:00:00-04:00,29.299999237060547,29.39900016784668,29.299999237060547,29.39900016784668,500,0.0,0.0,0.0
2023-09-28 00:00:00-04:00,30.062999725341797,30.062999725341797,30.062999725341797,30.062999725341797,0,0.0,0.0,0.0
2023-09-29 00:00:00-04:00,29.652000427246094,29.652000427246094,29.652000427246094,29.652000427246094,0,0.0,0.0,0.0
2023-10-02 00:00:00-04:00,29.429000854492188,29.429000854492188,29.429000854492188,29.429000854492188,100,0.0,0.0,0.0
2023-10-03 00:00:00-04:00,28.347000122070312,28.347000122070312,28.347000122070312,28.347000122070312,100,0.0,0.0,0.0
2023-10-04 00:00:00-04:00,28.527000427246094,28.527000427246094,28.527000427246094,28.527000427246094,0,0.0,0.0,0.0
2023-10-05 00:00:00-04:00,28.356000900268555,28.356000900268555,28.356000900268555,28.356000900268555,0,0.0,0.0,0.0
2023-10-06 00:00:00-04:00,29.06599998474121,29.06599998474121,29.06599998474121,29.06599998474121,0,0.0,0.0,0.0
2023-10-09 00:00:00-04:00,29.565000534057617,29.565000534057617,29.565000534057617,29.565000534057617,0,0.0,0.0,0.0
2023-10-10 00:00:00-04:00,30.10300064086914,30.10300064086914,30.10300064086914,30.10300064086914,0,0.0,0.0,0.0
2023-10-11 00:00:00-04:00,30.02899932861328,30.02899932861328,30.02899932861328,30.02899932861328,0,0.0,0.0,0.0
2023-10-12 00:00:00-04:00,29.577999114990234,29.577999114990234,29.577999114990234,29.577999114990234,0,0.0,0.0,0.0
2023-10-13 00:00:00-04:00,29.549999237060547,29.549999237060547,29.549999237060547,29.549999237060547,0,0.0,0.0,0.0
2023-10-16 00:00:00-04:00,30.226999282836914,30.226999282836914,30.226999282836914,30.226999282836914,0,0.0,0.0,0.0
2023-10-17 00:00:00-04:00,30.226999282836914,30.226999282836914,30.226999282836914,30.226999282836914,0,0.0,0.0,0.0
2023-10-18 00:00:00-04:00,29.892000198364258,29.892000198364258,29.892000198364258,29.892000198364258,100,0.0,0.0,0.0
2023-10-19 00:00:00-04:00,28.89900016784668,28.89900016784668,28.89900016784668,28.89900016784668,100,0.0,0.0,0.0
2023-10-20 00:00:00-04:00,27.961000442504883,27.961000442504883,27.961000442504883,27.961000442504883,0,0.0,0.0,0.0
2023-10-23 00:00:00-04:00,27.625999450683594,27.625999450683594,27.625999450683594,27.625999450683594,0,0.0,0.0,0.0
2023-10-24 00:00:00-04:00,27.974000930786133,27.974000930786133,27.974000930786133,27.974000930786133,0,0.0,0.0,0.0
2023-10-25 00:00:00-04:00,27.17300033569336,27.17300033569336,27.17300033569336,27.17300033569336,0,0.0,0.0,0.0
2023-10-26 00:00:00-04:00,26.73699951171875,26.73699951171875,26.73699951171875,26.73699951171875,0,0.0,0.0,0.0
2023-10-27 00:00:00-04:00,26.468000411987305,26.468000411987305,26.468000411987305,26.468000411987305,100,0.0,0.0,0.0
2023-10-30 00:00:00-04:00,26.836999893188477,26.836999893188477,26.836999893188477,26.836999893188477,100,0.0,0.0,0.0
2023-10-31 00:00:00-04:00,27.739999771118164,27.739999771118164,27.739999771118164,27.739999771118164,0,0.0,0.0,0.0
2023-11-01 00:00:00-04:00,28.20800018310547,28.20800018310547,28.20800018310547,28.20800018310547,100,0.0,0.0,0.0
2023-11-02 00:00:00-04:00,29.334999084472656,29.334999084472656,29.334999084472656,29.334999084472656,0,0.0,0.0,0.0
2023-11-03 00:00:00-04:00,29.867000579833984,29.867000579833984,29.867000579833984,29.867000579833984,0,0.0,0.0,0.0
2023-11-06 00:00:00-05:00,29.78499984741211,29.78499984741211,29.78499984741211,29.78499984741211,0,0.0,0.0,0.0
2023-11-07 00:00:00-05:00,29.777999877929688,29.777999877929688,29.777999877929688,29.777999877929688,0,0.0,0.0,0.0
2023-11-08 00:00:00-05:00,29.618000030517578,29.618000030517578,29.618000030517578,29.618000030517578,0,0.0,0.0,0.0
2023-11-09 00:00:00-05:00,29.132999420166016,29.132999420166016,29.132999420166016,29.132999420166016,0,0.0,0.0,0.0
2023-11-10 00:00:00-05:00,30.000999450683594,30.000999450683594,30.000999450683594,30.000999450683594,0,0.0,0.0,0.0
2023-11-13 00:00:00-05:00,30.114999771118164,30.114999771118164,30.114999771118164,30.114999771118164,0,0.0,0.0,0.0
2023-11-14 00:00:00-05:00,31.35700035095215,31.35700035095215,31.35700035095215,31.35700035095215,100,0.0,0.0,0.0
2023-11-15 00:00:00-05:00,31.291000366210938,31.291000366210938,31.291000366210938,31.291000366210938,0,0.0,0.0,0.0
2023-11-16 00:00:00-05:00,30.790000915527344,30.790000915527344,30.790000915527344,30.790000915527344,0,0.0,0.0,0.0
2023-11-17 00:00:00-05:00,31.187000274658203,31.187000274658203,31.187000274658203,31.187000274658203,100,0.0,0.0,0.0
2023-11-20 00:00:00-05:00,31.746000289916992,31.746000289916992,31.746000289916992,31.746000289916992,0,0.0,0.0,0.0
2023-11-21 00:00:00-05:00,31.58300018310547,31.58300018310547,31.58300018310547,31.58300018310547,0,0.0,0.0,0.0
2023-11-22 00:00:00-05:00,31.92099952697754,31.92099952697754,31.92099952697754,31.92099952697754,100,0.0,0.0,0.0
2023-11-24 00:00:00-05:00,32.055999755859375,32.055999755859375,32.055999755859375,32.055999755859375,0,0.0,0.0,0.0
2023-11-27 00:00:00-05:00,32.042999267578125,32.042999267578125,32.042999267578125,32.042999267578125,400,0.0,0.0,0.0
2023-11-28 00:00:00-05:00,31.941999435424805,31.941999435424805,31.941999435424805,31.941999435424805,0,0.0,0.0,0.0
2023-11-29 00:00:00-05:00,32.11399841308594,32.11399841308594,32.11399841308594,32.11399841308594,0,0.0,0.0,0.0
2023-11-30 00:00:00-05:00,32.7130012512207,32.7130012512207,32.7130012512207,32.7130012512207,0,0.0,0.0,0.0
2023-12-01 00:00:00-05:00,33.257999420166016,33.257999420166016,33.257999420166016,33.257999420166016,0,0.0,0.0,0.0
2023-12-04 00:00:00-05:00,32.83300018310547,32.83300018310547,32.83300018310547,32.83300018310547,100,0.0,0.0,0.0
2023-12-05 00:00:00-05:00,32.49399948120117,32.49399948120117,32.49399948120117,32.49399948120117,0,0.0,0.0,0.0
2023-12-06 00:00:00-05:00,32.03799819946289,32.03799819946289,32.03799819946289,32.03799819946289,100,0.0,0.0,0.0
2023-12-07 00:00:00-05:00,32.47200012207031,32.47200012207031,32.47200012207031,32.47200012207031,0,0.0,0.0,0.0
2023-12-08 00:00:00-05:00,32.819000244140625,32.819000244140625,32.819000244140625,32.819000244140625,0,0.0,0.0,0.0
2023-12-11 00:00:00-05:00,33.737998962402344,33.737998962402344,33.737998962402344,33.737998962402344,0,0.0,0.0,0.0
2023-12-12 00:00:00-05:00,33.7400016784668,33.88800048828125,33.68000030517578,33.88800048828125,4800,0.0,0.0,0.0
2023-12-13 00:00:00-05:00,34.88199996948242,34.88199996948242,34.88199996948242,34.88199996948242,0,0.0,0.0,0.0
2023-12-14 00:00:00-05:00,35.6619987487793,35.6619987487793,35.6619987487793,35.6619987487793,0,0.0,0.0,0.0
2023-12-15 00:00:00-05:00,35.582000732421875,35.582000732421875,35.582000732421875,35.582000732421875,0,0.0,0.0,0.0
2023-12-18 00:00:00-05:00,35.7130012512207,35.7130012512207,35.7130012512207,35.7130012512207,0,0.0,0.0,0.0
2023-12-19 00:00:00-05:00,36.242000579833984,36.242000579833984,36.242000579833984,36.242000579833984,0,0.0,0.0,0.0
2023-12-20 00:00:00-05:00,35.290000915527344,35.290000915527344,35.198001861572266,35.198001861572266,100,0.0,0.0,0.0
2023-12-21 00:00:00-05:00,35.86000061035156,35.86000061035156,35.86000061035156,35.86000061035156,100,0.0,0.0,0.0
2023-12-22 00:00:00-05:00,35.87699890136719,35.87699890136719,35.87699890136719,35.87699890136719,100,0.0,0.0,0.0
2023-12-26 00:00:00-05:00,36.242000579833984,36.242000579833984,36.242000579833984,36.242000579833984,100,0.0,0.0,0.0
2023-12-27 00:00:00-05:00,36.178001403808594,36.178001403808594,36.178001403808594,36.178001403808594,100,0.0,0.0,0.0
2023-12-28 00:00:00-05:00,36.084999084472656,36.084999084472656,36.084999084472656,36.084999084472656,100,0.0,0.0,0.0
2023-12-29 00:00:00-05:00,35.80500030517578,35.80500030517578,35.80500030517578,35.80500030517578,100,0.0,0.0,0.0
2024-01-02 00:00:00-05:00,35.75,35.75,35.75,35.75,0,0.0,0.0,0.0
2024-01-03 00:00:00-05:00,35.34600067138672,35.34600067138672,35.34600067138672,35.34600067138672,0,0.0,0.0,0.0
2024-01-04 00:00:00-05:00,35.069000244140625,35.069000244140625,35.069000244140625,35.069000244140625,0,0.0,0.0,0.0
2024-01-05 00:00:00-05:00,35.15299987792969,35.15299987792969,35.15299987792969,35.15299987792969,0,0.0,0.0,0.0
2024-01-08 00:00:00-05:00,35.987998962402344,35.987998962402344,35.987998962402344,35.987998962402344,100,0.0,0.0,0.0
2024-01-09 00:00:00-05:00,35.83300018310547,35.83300018310547,35.83300018310547,35.83300018310547,0,0.0,0.0,0.0
2024-01-10 00:00:00-05:00,35.99399948120117,35.99399948120117,35.99399948120117,35.99399948120117,100,0.0,0.0,0.0
2024-01-11 00:00:00-05:00,36.319000244140625,36.319000244140625,36.319000244140625,36.319000244140625,0,0.0,0.0,0.0
2024-01-12 00:00:00-05:00,36.24300003051758,36.24300003051758,36.24300003051758,36.24300003051758,0,0.0,0.0,0.0
2024-01-16 00:00:00-05:00,36.20000076293945,36.20000076293945,36.0099983215332,36.0099983215332,500,0.0,0.0,0.0
2024-01-17 00:00:00-05:00,35.479000091552734,35.479000091552734,35.479000091552734,35.479000091552734,100,0.0,0.0,0.0
2024-01-18 00:00:00-05:00,35.952999114990234,35.952999114990234,35.952999114990234,35.952999114990234,0,0.0,0.0,0.0
2024-01-19 00:00:00-05:00,36.89899826049805,36.89899826049805,36.89899826049805,36.89899826049805,0,0.0,0.0,0.0
2024-01-22 00:00:00-05:00,37.422000885009766,37.422000885009766,37.422000885009766,37.422000885009766,0,0.0,0.0,0.0
2024-01-23 00:00:00-05:00,37.38399887084961,37.38399887084961,37.38399887084961,37.38399887084961,100,0.0,0.0,0.0
2024-01-24 00:00:00-05:00,37.5,37.5,37.5,37.5,100,0.0,0.0,0.0
2024-01-25 00:00:00-05:00,37.777000427246094,37.777000427246094,37.777000427246094,37.777000427246094,100,0.0,0.0,0.0
2024-01-26 00:00:00-05:00,37.8849983215332,37.8849983215332,37.8849983215332,37.8849983215332,100,0.0,0.0,0.0
2024-01-29 00:00:00-05:00,38.3380012512207,38.3380012512207,38.3380012512207,38.3380012512207,100,0.0,0.0,0.0
2024-01-30 00:00:00-05:00,38.92399978637695,38.92399978637695,38.92399978637695,38.92399978637695,100,0.0,0.0,0.0
2024-01-31 00:00:00-05:00,37.94499969482422,37.94499969482422,37.94499969482422,37.94499969482422,100,0.0,0.0,0.0
2024-02-01 00:00:00-05:00,38.27399826049805,38.27399826049805,38.27399826049805,38.27399826049805,0,0.0,0.0,0.0
2024-02-02 00:00:00-05:00,38.84600067138672,38.84600067138672,38.84600067138672,38.84600067138672,100,0.0,0.0,0.0
2024-02-05 00:00:00-05:00,38.904998779296875,38.904998779296875,38.904998779296875,38.904998779296875,100,0.0,0.0,0.0
2024-02-06 00:00:00-05:00,38.64400100708008,38.64400100708008,38.64400100708008,38.64400100708008,100,0.0,0.0,0.0
2024-02-07 00:00:00-05:00,39.54999923706055,39.54999923706055,39.54999923706055,39.54999923706055,100,0.0,0.0,0.0
2024-02-08 00:00:00-05:00,40.15599822998047,40.15599822998047,40.15599822998047,40.15599822998047,100,0.0,0.0,0.0
2024-02-09 00:00:00-05:00,40.44900131225586,40.44900131225586,40.44900131225586,40.44900131225586,100,0.0,0.0,0.0
2024-02-12 00:00:00-05:00,40.51499938964844,40.51499938964844,40.51499938964844,40.51499938964844,100,0.0,0.0,0.0
2024-02-13 00:00:00-05:00,39.37699890136719,39.37699890136719,39.37699890136719,39.37699890136719,100,0.0,0.0,0.0
2024-02-14 00:00:00-05:00,40.29399871826172,40.29399871826172,40.29399871826172,40.29399871826172,0,0.0,0.0,0.0
2024-02-15 00:00:00-05:00,41.082000732421875,41.082000732421875,41.082000732421875,41.082000732421875,0,0.0,0.0,0.0
2024-02-16 00:00:00-05:00,40.520999908447266,40.520999908447266,40.520999908447266,40.520999908447266,0,0.0,0.0,0.0
2024-02-20 00:00:00-05:00,39.70100021362305,39.70100021362305,39.70100021362305,39.70100021362305,0,0.0,0.0,0.0
2024-02-21 00:00:00-05:00,38.91999816894531,38.91999816894531,38.91999816894531,38.91999816894531,0,0.0,0.0,0.0
2024-02-22 00:00:00-05:00,40.85200119018555,40.85200119018555,40.85200119018555,40.85200119018555,0,0.0,0.0,0.0
2024-02-23 00:00:00-05:00,40.22999954223633,40.22999954223633,40.22999954223633,40.22999954223633,0,0.0,0.0,0.0
2024-02-26 00:00:00-05:00,40.97999954223633,40.97999954223633,40.70399856567383,40.70399856567383,1900,0.0,0.0,0.0
2024-02-27 00:00:00-05:00,40.74700164794922,40.74700164794922,40.74700164794922,40.74700164794922,0,0.0,0.0,0.0
2024-02-28 00:00:00-05:00,40.625,40.625,40.50899887084961,40.50899887084961,400,0.0,0.0,0.0
2024-02-29 00:00:00-05:00,40.96699905395508,40.96699905395508,40.96699905395508,40.96699905395508,0,0.0,0.0,0.0
2024-03-01 00:00:00-05:00,42.2130012512207,42.2130012512207,42.2130012512207,42.2130012512207,0,0.0,0.0,0.0
2024-03-04 00:00:00-05:00,42.1879997253418,42.1879997253418,42.1879997253418,42.1879997253418,100,0.0,0.0,0.0
2024-03-05 00:00:00-05:00,41.470001220703125,41.470001220703125,41.470001220703125,41.470001220703125,100,0.0,0.0,0.0
2024-03-06 00:00:00-05:00,41.95899963378906,41.95899963378906,41.95899963378906,41.95899963378906,100,0.0,0.0,0.0
2024-03-07 00:00:00-05:00,42.87099838256836,42.87099838256836,42.87099838256836,42.87099838256836,100,0.0,0.0,0.0
2024-03-08 00:00:00-05:00,42.28900146484375,42.28900146484375,42.28900146484375,42.28900146484375,100,0.0,0.0,0.0
2024-03-11 00:00:00-04:00,42.20199966430664,42.20199966430664,42.20199966430664,42.20199966430664,100,0.0,0.0,0.0
2024-03-12 00:00:00-04:00,42.79399871826172,42.79399871826172,42.79399871826172,42.79399871826172,100,0.0,0.0,0.0
2024-03-13 00:00:00-04:00,42.88800048828125,42.88800048828125,42.88800048828125,42.88800048828125,100,0.0,0.0,0.0
2024-03-14 00:00:00-04:00,42.518001556396484,42.518001556396484,42.518001556396484,42.518001556396484,0,0.0,0.0,0.0
2024-03-15 00:00:00-04:00,42.26599884033203,42.26599884033203,42.26599884033203,42.26599884033203,0,0.0,0.0,0.0
2024-03-18 00:00:00-04:00,42.520999908447266,42.520999908447266,42.520999908447266,42.520999908447266,100,0.0,0.0,0.0
2024-03-19 00:00:00-04:00,42.369998931884766,42.891998291015625,42.369998931884766,42.891998291015625,600,0.0,0.0,0.0
2024-03-20 00:00:00-04:00,43.63100051879883,43.63100051879883,43.63100051879883,43.63100051879883,100,0.0,0.0,0.0
2024-03-21 00:00:00-04:00,44.691001892089844,44.691001892089844,44.691001892089844,44.691001892089844,100,0.0,0.0,0.0
2024-03-22 00:00:00-04:00,44.39799880981445,44.39799880981445,44.39799880981445,44.39799880981445,100,0.0,0.0,0.0
2024-03-25 00:00:00-04:00,44.41999816894531,44.59000015258789,44.369998931884766,44.369998931884766,1300,0.0,0.0,0.0
2024-03-26 00:00:00-04:00,44.68000030517578,44.68000030517578,44.32600021362305,44.32600021362305,500,0.0,0.0,0.0
2024-03-27 00:00:00-04:00,44.702999114990234,44.702999114990234,44.702999114990234,44.702999114990234,100,0.0,0.0,0.0
2024-03-28 00:00:00-04:00,45.18000030517578,45.18000030517578,45.07600021362305,45.07600021362305,500,0.0,0.0,0.0
2024-04-01 00:00:00-04:00,45.084999084472656,45.084999084472656,45.084999084472656,45.084999084472656,100,0.0,0.0,0.0
2024-04-02 00:00:00-04:00,44.12699890136719,44.12699890136719,44.12699890136719,44.12699890136719,100,0.0,0.0,0.0
2024-04-03 00:00:00-04:00,44.643001556396484,44.643001556396484,44.643001556396484,44.643001556396484,0,0.0,0.0,0.0
2024-04-04 00:00:00-04:00,43.64500045776367,43.64500045776367,43.64500045776367,43.64500045776367,0,0.0,0.0,0.0
2024-04-05 00:00:00-04:00,44.720001220703125,44.720001220703125,44.51100158691406,44.51100158691406,200,0.0,0.0,0.0
2024-04-08 00:00:00-04:00,44.24100112915039,44.24100112915039,44.24100112915039,44.24100112915039,100,0.0,0.0,0.0
2024-04-09 00:00:00-04:00,44.20500183105469,44.20500183105469,44.20500183105469,44.20500183105469,100,0.0,0.0,0.0
2024-04-10 00:00:00-04:00,43.48699951171875,43.48699951171875,43.48699951171875,43.48699951171875,100,0.0,0.0,0.0
2024-04-11 00:00:00-04:00,43.874000549316406,43.874000549316406,43.874000549316406,43.874000549316406,100,0.0,0.0,0.0
2024-04-12 00:00:00-04:00,42.08100128173828,42.08100128173828,42.08100128173828,42.08100128173828,100,0.0,0.0,0.0
2024-04-15 00:00:00-04:00,41.220001220703125,41.220001220703125,41.220001220703125,41.220001220703125,100,0.0,0.0,0.0
2024-04-16 00:00:00-04:00,41.099998474121094,41.099998474121094,41.099998474121094,41.099998474121094,100,0.0,0.0,0.0
2024-04-17 00:00:00-04:00,40.790000915527344,40.790000915527344,40.790000915527344,40.790000915527344,100,0.0,0.0,0.0
2024-04-18 00:00:00-04:00,40.404998779296875,40.404998779296875,40.404998779296875,40.404998779296875,100,0.0,0.0,0.0
2024-04-19 00:00:00-04:00,39.909000396728516,39.909000396728516,39.909000396728516,39.909000396728516,0,0.0,0.0,0.0
2024-04-22 00:00:00-04:00,40.48899841308594,40.48899841308594,40.48899841308594,40.48899841308594,100,0.0,0.0,0.0
2024-04-23 00:00:00-04:00,41.564998626708984,41.564998626708984,41.564998626708984,41.564998626708984,100,0.0,0.0,0.0
2024-04-24 00:00:00-04:00,41.74300003051758,41.74300003051758,41.74300003051758,41.74300003051758,0,0.0,0.0,0.0
2024-04-25 00:00:00-04:00,41.73099899291992,41.73099899291992,41.73099899291992,41.73099899291992,0,0.0,0.0,0.0
2024-04-26 00:00:00-04:00,42.073001861572266,42.073001861572266,42.073001861572266,42.073001861572266,0,0.0,0.0,0.0
2024-04-29 00:00:00-04:00,42.073001861572266,42.073001861572266,42.073001861572266,42.073001861572266,0,0.0,0.0,0.0
2024-04-30 00:00:00-04:00,40.757999420166016,40.757999420166016,40.757999420166016,40.757999420166016,100,0.0,0.0,0.0
2024-05-01 00:00:00-04:00,40.053001403808594,40.053001403808594,40.053001403808594,40.053001403808594,100,0.0,0.0,0.0
2024-05-02 00:00:00-04:00,41.025001525878906,41.025001525878906,41.025001525878906,41.025001525878906,0,0.0,0.0,0.0
2024-05-03 00:00:00-04:00,41.880001068115234,41.880001068115234,41.880001068115234,41.880001068115234,0,0.0,0.0,0.0
2024-05-06 00:00:00-04:00,42.77199935913086,42.77199935913086,42.77199935913086,42.77199935913086,0,0.0,0.0,0.0
2024-05-07 00:00:00-04:00,42.82099914550781,42.82099914550781,42.82099914550781,42.82099914550781,100,0.0,0.0,0.0
2024-05-08 00:00:00-04:00,42.92100143432617,42.92100143432617,42.92100143432617,42.92100143432617,100,0.0,0.0,0.0
2024-05-09 00:00:00-04:00,43.28900146484375,43.28900146484375,43.28900146484375,43.28900146484375,0,0.0,0.0,0.0
2024-05-10 00:00:00-04:00,43.28900146484375,43.28900146484375,43.28900146484375,43.28900146484375,0,0.0,0.0,0.0
2024-05-13 00:00:00-04:00,43.125,43.125,43.125,43.125,0,0.0,0.0,0.0
2024-05-14 00:00:00-04:00,43.5989990234375,43.5989990234375,43.5989990234375,43.5989990234375,100,0.0,0.0,0.0
2024-05-15 00:00:00-04:00,45.18600082397461,45.18600082397461,45.18600082397461,45.18600082397461,0,0.0,0.0,0.0
2024-05-16 00:00:00-04:00,44.8380012512207,44.8380012512207,44.8380012512207,44.8380012512207,100,0.0,0.0,0.0
2024-05-17 00:00:00-04:00,45.0359992980957,45.0359992980957,45.0359992980957,45.0359992980957,100,0.0,0.0,0.0
2024-05-20 00:00:00-04:00,45.14099884033203,45.14099884033203,45.14099884033203,45.14099884033203,100,0.0,0.0,0.0
2024-05-21 00:00:00-04:00,45.09700012207031,45.09700012207031,45.09700012207031,45.09700012207031,100,0.0,0.0,0.0
2024-05-22 00:00:00-04:00,44.78499984741211,44.78499984741211,44.78499984741211,44.78499984741211,100,0.0,0.0,0.0
2024-05-23 00:00:00-04:00,44.03099822998047,44.03099822998047,44.03099822998047,44.03099822998047,100,0.0,0.0,0.0
2024-05-24 00:00:00-04:00,44.6870002746582,44.6870002746582,44.6870002746582,44.6870002746582,100,0.0,0.0,0.0
2024-05-28 00:00:00-04:00,44.40700149536133,44.40700149536133,44.40700149536133,44.40700149536133,100,0.0,0.0,0.0
2024-05-29 00:00:00-04:00,43.69200134277344,43.69200134277344,43.69200134277344,43.69200134277344,100,0.0,0.0,0.0
2024-05-30 00:00:00-04:00,43.297000885009766,43.297000885009766,43.297000885009766,43.297000885009766,0,0.0,0.0,0.0
2024-05-31 00:00:00-04:00,43.654998779296875,43.654998779296875,43.654998779296875,43.654998779296875,100,0.0,0.0,0.0
2024-06-03 00:00:00-04:00,43.07600021362305,43.07600021362305,43.07600021362305,43.07600021362305,0,0.0,0.0,0.0
2024-06-04 00:00:00-04:00,42.72999954223633,42.72999954223633,42.72999954223633,42.72999954223633,100,0.0,0.0,0.0
2024-06-05 00:00:00-04:00,43.7130012512207,43.7130012512207,43.7130012512207,43.7130012512207,100,0.0,0.0,0.0
2024-06-06 00:00:00-04:00,43.61600112915039,43.61600112915039,43.61600112915039,43.61600112915039,100,0.0,0.0,0.0
2024-06-07 00:00:00-04:00,43.39699935913086,43.39699935913086,43.39699935913086,43.39699935913086,100,0.0,0.0,0.0
2024-06-10 00:00:00-04:00,43.74300003051758,43.74300003051758,43.74300003051758,43.74300003051758,100,0.0,0.0,0.0
2024-06-11 00:00:00-04:00,43.255001068115234,43.255001068115234,43.255001068115234,43.255001068115234,100,0.0,0.0,0.0
2024-06-12 00:00:00-04:00,43.255001068115234,43.255001068115234,43.255001068115234,43.255001068115234,0,0.0,0.0,0.0
2024-06-13 00:00:00-04:00,43.4900016784668,43.887001037597656,43.4900016784668,43.887001037597656,200,0.0,0.0,0.0
2024-06-14 00:00:00-04:00,43.257999420166016,43.257999420166016,43.257999420166016,43.257999420166016,100,0.0,0.0,0.0
2024-06-17 00:00:00-04:00,44.48500061035156,44.48500061035156,44.48500061035156,44.48500061035156,200,0.0,0.0,0.0
2024-06-18 00:00:00-04:00,45.141998291015625,45.141998291015625,45.141998291015625,45.141998291015625,100,0.0,0.0,0.0
2024-06-20 00:00:00-04:00,44.823001861572266,44.823001861572266,44.823001861572266,44.823001861572266,0,0.0,0.0,0.0
2024-06-21 00:00:00-04:00,44.4640007019043,44.4640007019043,44.4640007019043,44.4640007019043,0,0.0,0.0,0.0
2024-06-24 00:00:00-04:00,44.45399856567383,44.45399856567383,44.45399856567383,44.45399856567383,0,0.0,0.0,0.0
2024-06-25 00:00:00-04:00,44.41400146484375,44.41400146484375,44.41400146484375,44.41400146484375,100,0.0,0.0,0.0
2024-06-26 00:00:00-04:00,43.84400177001953,43.84400177001953,43.84400177001953,43.84400177001953,100,0.0,0.0,0.0
2024-06-27 00:00:00-04:00,43.89699935913086,43.89699935913086,43.89699935913086,43.89699935913086,100,0.0,0.0,0.0
2024-06-28 00:00:00-04:00,44.37699890136719,44.37699890136719,44.37699890136719,44.37699890136719,0,0.0,0.0,0.0
2024-07-01 00:00:00-04:00,44.319000244140625,44.319000244140625,44.319000244140625,44.319000244140625,0,0.0,0.0,0.0
2024-07-02 00:00:00-04:00,44.5880012512207,44.5880012512207,44.5880012512207,44.5880012512207,100,0.0,0.0,0.0
2024-07-03 00:00:00-04:00,44.676998138427734,44.676998138427734,44.676998138427734,44.676998138427734,100,0.0,0.0,0.0
2024-07-05 00:00:00-04:00,44.37699890136719,44.37699890136719,44.37699890136719,44.37699890136719,100,0.0,0.0,0.0
2024-07-08 00:00:00-04:00,44.959999084472656,44.959999084472656,44.70100021362305,44.70100021362305,100,0.0,0.0,0.0
2024-07-09 00:00:00-04:00,44.8129997253418,44.8129997253418,44.8129997253418,44.8129997253418,100,0.0,0.0,0.0
2024-07-10 00:00:00-04:00,45.18199920654297,45.18199920654297,45.18199920654297,45.18199920654297,100,0.0,0.0,0.0
2024-07-11 00:00:00-04:00,45.3120002746582,45.3120002746582,45.3120002746582,45.3120002746582,100,0.0,0.0,0.0
2024-07-12 00:00:00-04:00,45.51900100708008,45.51900100708008,45.51900100708008,45.51900100708008,100,0.0,0.0,0.0
2024-07-15 00:00:00-04:00,46.051998138427734,46.051998138427734,46.051998138427734,46.051998138427734,0,0.0,0.0,0.0
2024-07-16 00:00:00-04:00,46.95000076293945,47.57600021362305,46.95000076293945,47.57600021362305,200,0.0,0.0,0.0
2024-07-17 00:00:00-04:00,45.77799987792969,45.77799987792969,45.77799987792969,45.77799987792969,0,0.0,0.0,0.0
2024-07-18 00:00:00-04:00,45.400001525878906,45.400001525878906,44.62699890136719,44.62699890136719,800,0.0,0.0,0.0
2024-07-19 00:00:00-04:00,44.064998626708984,44.064998626708984,44.064998626708984,44.064998626708984,0,0.0,0.0,0.0
